--
-- Table Datas `pb_adses`
--

INSERT INTO `pb_adses` (`id`, `adzone_id`, `title`, `description`, `is_image`, `source_name`, `source_type`, `source_url`, `target_url`, `width`, `height`, `alt_words`, `start_date`, `end_date`, `priority`, `clicked`, `target`, `seq`, `state`, `status`, `picture_replace`, `created`, `modified`) VALUES(1, 1, 'GIF', '示例广告1', 1, '', 'image/gif', 'attachment/sample/default/blue.gif', '', 152, 52, '', 0, 0, 0, 1, '_blank', 0, 1, 1, '', unix_timestamp(now()), unix_timestamp(now()));
INSERT INTO `pb_adses` (`id`, `adzone_id`, `title`, `description`, `is_image`, `source_name`, `source_type`, `source_url`, `target_url`, `width`, `height`, `alt_words`, `start_date`, `end_date`, `priority`, `clicked`, `target`, `seq`, `state`, `status`, `picture_replace`, `created`, `modified`) VALUES(2, 1, 'JPG', '示例广告2', 1, '', 'image/gif', 'attachment/sample/default/blue.gif', '', 152, 52, '', 0, 0, 0, 1, '_blank', 0, 1, 1, '', unix_timestamp(now()), unix_timestamp(now()));
INSERT INTO `pb_adses` (`id`, `adzone_id`, `title`, `description`, `is_image`, `source_name`, `source_type`, `source_url`, `target_url`, `width`, `height`, `alt_words`, `start_date`, `end_date`, `priority`, `clicked`, `target`, `seq`, `state`, `status`, `picture_replace`, `created`, `modified`) VALUES(3, 1, 'PNG', '示例广告3', 1, '', 'image/gif', 'attachment/sample/default/blue.gif', '', 152, 52, '', 0, 0, 0, 1, '_blank', 0, 1, 1, '', unix_timestamp(now()), unix_timestamp(now()));
INSERT INTO `pb_adses` (`id`, `adzone_id`, `title`, `description`, `is_image`, `source_name`, `source_type`, `source_url`, `target_url`, `width`, `height`, `alt_words`, `start_date`, `end_date`, `priority`, `clicked`, `target`, `seq`, `state`, `status`, `picture_replace`, `created`, `modified`) VALUES(4, 1, '示例广告4', '', 1, '', 'image/gif', 'attachment/sample/default/blue.gif', '', 152, 52, '', 0, 0, 0, 1, '_blank', 0, 1, 1, '', unix_timestamp(now()), unix_timestamp(now()));
INSERT INTO `pb_adses` (`id`, `adzone_id`, `title`, `description`, `is_image`, `source_name`, `source_type`, `source_url`, `target_url`, `width`, `height`, `alt_words`, `start_date`, `end_date`, `priority`, `clicked`, `target`, `seq`, `state`, `status`, `picture_replace`, `created`, `modified`) VALUES(5, 1, '示例广告5', 'PNG', 1, '', 'image/gif', 'attachment/sample/default/blue.gif', '', 152, 52, '', 0, 0, 0, 1, '_blank', 0, 1, 1, '', unix_timestamp(now()), unix_timestamp(now()));
INSERT INTO `pb_adses` (`id`, `adzone_id`, `title`, `description`, `is_image`, `source_name`, `source_type`, `source_url`, `target_url`, `width`, `height`, `alt_words`, `start_date`, `end_date`, `priority`, `clicked`, `target`, `seq`, `state`, `status`, `picture_replace`, `created`, `modified`) VALUES(6, 1, '示例广告6', '', 1, '', 'image/gif', 'attachment/sample/default/blue.gif', '', 152, 52, '', 0, 0, 0, 1, '_blank', 0, 1, 1, '', unix_timestamp(now()), unix_timestamp(now()));
INSERT INTO `pb_adses` (`id`, `adzone_id`, `title`, `description`, `is_image`, `source_name`, `source_type`, `source_url`, `target_url`, `width`, `height`, `alt_words`, `start_date`, `end_date`, `priority`, `clicked`, `target`, `seq`, `state`, `status`, `picture_replace`, `created`, `modified`) VALUES(7, 2, '新一代行业电子商务平台', '', 1, '', 'image/pjpeg', 'attachment/sample/example_958.jpg', 'http://www.phpb2b.com', 958, 62, '', 0, 0, 0, 1, '_blank', 0, 1, 1, 'attachment/sample/example_958.jpg', unix_timestamp(now()), unix_timestamp(now()));
INSERT INTO `pb_adses` (`id`, `adzone_id`, `title`, `description`, `is_image`, `source_name`, `source_type`, `source_url`, `target_url`, `width`, `height`, `alt_words`, `start_date`, `end_date`, `priority`, `clicked`, `target`, `seq`, `state`, `status`, `picture_replace`, `created`, `modified`) VALUES(8, 3, '商机广告', '', 1, '', 'image/pjpeg', 'attachment/sample/breathe-offer1.jpg', '', 477, 170, '', 0, 0, 0, 1, '_blank', 0, 1, 1, 'images/nopicture_small.gif', unix_timestamp(now()), unix_timestamp(now()));
INSERT INTO `pb_adses` (`id`, `adzone_id`, `title`, `description`, `is_image`, `source_name`, `source_type`, `source_url`, `target_url`, `width`, `height`, `alt_words`, `start_date`, `end_date`, `priority`, `clicked`, `target`, `seq`, `state`, `status`, `picture_replace`, `created`, `modified`) VALUES(9, 3, '欢迎注册', '注册', 1, '', 'image/pjpeg', 'attachment/sample/breathe-offer2.jpg', '', 477, 170, '', 0, 0, 0, 1, '_blank', 0, 1, 1, 'images/nopicture_small.gif', unix_timestamp(now()), unix_timestamp(now()));
INSERT INTO `pb_adses` (`id`, `adzone_id`, `title`, `description`, `is_image`, `source_name`, `source_type`, `source_url`, `target_url`, `width`, `height`, `alt_words`, `start_date`, `end_date`, `priority`, `clicked`, `target`, `seq`, `state`, `status`, `picture_replace`, `created`, `modified`) VALUES(15, 4, '产品首页大图', '', 1, '', 'image/pjpeg', 'attachment/sample/breathe-product1.jpg', '', 500, 200, '', 0, 0, 0, 1, '_blank', 0, 1, 1, 'images/nopicture_small.gif', unix_timestamp(now()), 1303735837);
INSERT INTO `pb_adses` (`id`, `adzone_id`, `title`, `description`, `is_image`, `source_name`, `source_type`, `source_url`, `target_url`, `width`, `height`, `alt_words`, `start_date`, `end_date`, `priority`, `clicked`, `target`, `seq`, `state`, `status`, `picture_replace`, `created`, `modified`) VALUES(16, 5, '首页大图', '', 1, '', 'image/pjpeg', 'attachment/sample/breathe-index1.jpg', '', 500, 200, '', 0, 0, 0, 1, '_blank', 0, 1, 1, 'images/nopicture_small.gif', unix_timestamp(now()), unix_timestamp(now()));
INSERT INTO `pb_adses` (`id`, `adzone_id`, `title`, `description`, `is_image`, `source_name`, `source_type`, `source_url`, `target_url`, `width`, `height`, `alt_words`, `start_date`, `end_date`, `priority`, `clicked`, `target`, `seq`, `state`, `status`, `picture_replace`, `created`, `modified`) VALUES(18, 4, '加入会员商机无限', '', 1, '', 'image/pjpeg', 'attachment/sample/breathe-product2.jpg', '', 570, 170, '', 0, 0, 0, 1, '_blank', 0, 1, 1, 'images/nopicture_small.gif', unix_timestamp(now()), unix_timestamp(now()));
INSERT INTO `pb_adses` (`id`, `adzone_id`, `title`, `description`, `is_image`, `source_name`, `source_type`, `source_url`, `target_url`, `width`, `height`, `alt_words`, `start_date`, `end_date`, `priority`, `clicked`, `target`, `seq`, `state`, `status`, `picture_replace`, `created`, `modified`) VALUES(17, 5, '会员广告', 'asdf', 1, '', 'image/pjpeg', 'attachment/sample/breathe-index2.jpg', '', 500, 200, '', 0, 0, 0, 1, '_blank', 0, 1, 1, 'images/nopicture_small.gif', unix_timestamp(now()), unix_timestamp(now()));
INSERT INTO `pb_adses` (`id`, `adzone_id`, `title`, `description`, `is_image`, `source_name`, `source_type`, `source_url`, `target_url`, `width`, `height`, `alt_words`, `start_date`, `end_date`, `priority`, `clicked`, `target`, `seq`, `state`, `status`, `picture_replace`, `created`, `modified`) VALUES(19, 6, '专题广告示例1', '示例', 1, '', 'image/pjpeg', 'attachment/sample/144x120.png', 'http://www.phpb2b.com/', 500, 200, '', 0, 0, 0, 1, '_blank', 0, 1, 1, 'images/nopicture_small.gif', unix_timestamp(now()), unix_timestamp(now()));
INSERT INTO `pb_adses` (`id`, `adzone_id`, `title`, `description`, `is_image`, `source_name`, `source_type`, `source_url`, `target_url`, `width`, `height`, `alt_words`, `start_date`, `end_date`, `priority`, `clicked`, `target`, `seq`, `state`, `status`, `picture_replace`, `created`, `modified`) VALUES(20, 6, '专题广告示例2', NULL, 1, '', 'image/pjpeg', 'attachment/sample/144x120.png', 'http://www.phpb2b.com/', 500, 200, '', 0, 0, 0, 1, '_blank', 0, 1, 1, 'images/nopicture_small.gif', unix_timestamp(now()), unix_timestamp(now()));
INSERT INTO `pb_adses` (`id`, `adzone_id`, `title`, `description`, `is_image`, `source_name`, `source_type`, `source_url`, `target_url`, `width`, `height`, `alt_words`, `start_date`, `end_date`, `priority`, `clicked`, `target`, `seq`, `state`, `status`, `picture_replace`, `created`, `modified`) VALUES(21, 6, '专题广告示例3', NULL, 1, '', 'image/pjpeg', 'attachment/sample/144x120.png', 'http://www.phpb2b.com/', 500, 200, '', 0, 0, 0, 1, '_blank', 0, 1, 1, 'images/nopicture_small.gif', unix_timestamp(now()), unix_timestamp(now()));
INSERT INTO `pb_adses` (`id`, `adzone_id`, `title`, `description`, `is_image`, `source_name`, `source_type`, `source_url`, `target_url`, `width`, `height`, `alt_words`, `start_date`, `end_date`, `priority`, `clicked`, `target`, `seq`, `state`, `status`, `picture_replace`, `created`, `modified`) VALUES(24, 7, '社区', '', 1, '', 'image/pjpeg', 'attachment/sample/phpb2b.jpg', 'http://bbs.phpb2b.com/', 220, 82, '', 0, 0, 0, 1, '_blank', 0, 1, 1, 'images/nopicture_small.gif', unix_timestamp(now()), unix_timestamp(now()));

--
-- Table Datas `pb_adzones`
--

INSERT INTO `pb_adzones` (`id`, `membergroup_ids`, `what`, `style`, `name`, `description`, `additional_adwords`, `price`, `file_name`, `width`, `height`, `wrap`, `max_ad`, `created`, `modified`) VALUES(1, '8,9', '1', 0, '首页顶部小图片广告', '6个图片一行，首页显示', '', 1000.00, 'index.php', 760, 52, 6, 12, unix_timestamp(now()), unix_timestamp(now()));
INSERT INTO `pb_adzones` (`id`, `membergroup_ids`, `what`, `style`, `name`, `description`, `additional_adwords`, `price`, `file_name`, `width`, `height`, `wrap`, `max_ad`, `created`, `modified`) VALUES(2, '0', '1', 0, '首页横幅广告', '免费开源，支持多国语言，友邻B2B', '', 3000.00, 'index.php', 958, 62, 0, 0, unix_timestamp(now()), unix_timestamp(now()));
INSERT INTO `pb_adzones` (`id`, `membergroup_ids`, `what`, `style`, `name`, `description`, `additional_adwords`, `price`, `file_name`, `width`, `height`, `wrap`, `max_ad`, `created`, `modified`) VALUES(3, '', '1', 1, '商机首页广告', '找商机首页', '', 1000.00, '', 380, 270, 0, 0, unix_timestamp(now()), unix_timestamp(now()));
INSERT INTO `pb_adzones` (`id`, `membergroup_ids`, `what`, `style`, `name`, `description`, `additional_adwords`, `price`, `file_name`, `width`, `height`, `wrap`, `max_ad`, `created`, `modified`) VALUES(4, '', '1', 1, '产品首页广告', '6个图片一行，首页显示', '', 0.01, '', 570, 170, 0, 0, unix_timestamp(now()), unix_timestamp(now()));
INSERT INTO `pb_adzones` (`id`, `membergroup_ids`, `what`, `style`, `name`, `description`, `additional_adwords`, `price`, `file_name`, `width`, `height`, `wrap`, `max_ad`, `created`, `modified`) VALUES(5, '0', '1', 1, '首页大图广告', '首页宣传1', '', 0.01, '', 473, 170, 0, 0, unix_timestamp(now()), unix_timestamp(now()));
INSERT INTO `pb_adzones` (`id`, `membergroup_ids`, `what`, `style`, `name`, `description`, `additional_adwords`, `price`, `file_name`, `width`, `height`, `wrap`, `max_ad`, `created`, `modified`) VALUES(6, '', '1', 0, '专题页面左侧广告', '左侧位置广告', '', 0.00, '', 0, 0, 0, 0, unix_timestamp(now()), unix_timestamp(now()));
INSERT INTO `pb_adzones` (`id`, `membergroup_ids`, `what`, `style`, `name`, `description`, `additional_adwords`, `price`, `file_name`, `width`, `height`, `wrap`, `max_ad`, `created`, `modified`) VALUES(7, '', '1', 0, 'Community', 'PHPB2B community', '', 0.00, '', 0, 0, 0, 0, unix_timestamp(now()), unix_timestamp(now()));

--
-- Table Datas `pb_albumtypes`
--

INSERT INTO `pb_albumtypes` (`id`, `name`, `display_order`) VALUES(1, '企业相册', 0);
INSERT INTO `pb_albumtypes` (`id`, `name`, `display_order`) VALUES(2, '产品图片', 0);
INSERT INTO `pb_albumtypes` (`id`, `name`, `display_order`) VALUES(3, '广告宣传', 0);

--
-- Table Datas `pb_announcements`
--

INSERT INTO `pb_announcements` (`id`, `announcetype_id`, `subject`, `message`, `display_order`, `display_expiration`, `created`, `modified`) VALUES(4, 1, '如何让您的产品排名更靠前', NULL, 0, 0, unix_timestamp(now()), 0);
INSERT INTO `pb_announcements` (`id`, `announcetype_id`, `subject`, `message`, `display_order`, `display_expiration`, `created`, `modified`) VALUES(3, 2, '网站会员服务介绍', NULL, 0, 0, unix_timestamp(now()), 0);
INSERT INTO `pb_announcements` (`id`, `announcetype_id`, `subject`, `message`, `display_order`, `display_expiration`, `created`, `modified`) VALUES(2, 1, '开通金牌旺铺', NULL, 0, 0, unix_timestamp(now()), 0);
INSERT INTO `pb_announcements` (`id`, `announcetype_id`, `subject`, `message`, `display_order`, `display_expiration`, `created`, `modified`) VALUES(1, 1, '精彩世博，关注环保 ', '精彩世博，关注环保', 0, 0, unix_timestamp(now()), 0);

--
-- Table Datas `pb_announcementtypes`
--

INSERT INTO `pb_announcementtypes` (`id`, `name`) VALUES(1, '网站公告');
INSERT INTO `pb_announcementtypes` (`id`, `name`) VALUES(2, '广告时间');

--
-- Table Datas `pb_companies`
--

INSERT INTO `pb_companies` (`id`, `member_id`, `cache_spacename`, `cache_membergroupid`, `cache_credits`, `topleveldomain`, `industry_id`, `area_id`, `type_id`, `name`, `description`, `english_name`, `adwords`, `keywords`, `boss_name`, `manage_type`, `year_annual`, `property`, `configs`, `bank_from`, `bank_account`, `main_prod`, `employee_amount`, `found_date`, `reg_fund`, `reg_address`, `address`, `zipcode`, `main_brand`, `main_market`, `main_biz_place`, `main_customer`, `link_man`, `link_man_gender`, `position`, `tel`, `fax`, `mobile`, `email`, `site_url`, `picture`, `status`, `first_letter`, `if_commend`, `clicked`, `created`, `modified`) VALUES(1, 1, 'admin', 9, 0, '', 1, '3', 1, '友邻电子商务', '友邻B2B', 'UALINK E-Commerce', '', '', '张三', '1', 3, 1, 'a:1:{s:12:"templet_name";b:0;}', '北京银行', '12342143', '', '4', '946684800', 5, '北京', '北京市东城区', '100010', '友邻', '1,2,3', '北京市', '各企事业单位', '张三', 1, 4, '(086)10-41235678', '(086)10-41235678', '130123456782', 'service@phpb2b.com', 'http://www.phpb2b.com/', 'sample/company/1.jpg', 1, 'A', 1, 1, unix_timestamp(now()), unix_timestamp(now()));
INSERT INTO `pb_companies` (`id`, `member_id`, `cache_spacename`, `cache_membergroupid`, `cache_credits`, `topleveldomain`, `industry_id`, `area_id`, `type_id`, `name`, `description`, `english_name`, `adwords`, `keywords`, `boss_name`, `manage_type`, `year_annual`, `property`, `configs`, `bank_from`, `bank_account`, `main_prod`, `employee_amount`, `found_date`, `reg_fund`, `reg_address`, `address`, `zipcode`, `main_brand`, `main_market`, `main_biz_place`, `main_customer`, `link_man`, `link_man_gender`, `position`, `tel`, `fax`, `mobile`, `email`, `site_url`, `picture`, `status`, `first_letter`, `if_commend`, `clicked`, `created`, `modified`) VALUES(2, 1, 'admin2', 9, 0, '', 1, '3', 1, '北京友邻电子商务科技有限公司', '北京友邻电子商务科技有限公司', '', '', '', '', '1', 0, 1, NULL, '', '', '', '', '', 5, '北京', '北京市东城区', '100010', '友邻', '2,3,4', '北京市', '', '', 1, 4, '(086)10-41235678', '(086)10-41235678', '', 'service@phpb2b.com', 'http://www.phpb2b.com/', 'sample/company/1.jpg', 1, 'A', 1, 1, unix_timestamp(now()), 0);
INSERT INTO `pb_companies` (`id`, `member_id`, `cache_spacename`, `cache_membergroupid`, `cache_credits`, `topleveldomain`, `industry_id`, `area_id`, `type_id`, `name`, `description`, `english_name`, `adwords`, `keywords`, `boss_name`, `manage_type`, `year_annual`, `property`, `configs`, `bank_from`, `bank_account`, `main_prod`, `employee_amount`, `found_date`, `reg_fund`, `reg_address`, `address`, `zipcode`, `main_brand`, `main_market`, `main_biz_place`, `main_customer`, `link_man`, `link_man_gender`, `position`, `tel`, `fax`, `mobile`, `email`, `site_url`, `picture`, `status`, `first_letter`, `if_commend`, `clicked`, `created`, `modified`) VALUES(3, 2, 'athena1', 9, 0, '', 1, '3', 1, '东莞市创忆塑胶原料有限公司', '此为演示数据，不保证数据的真实性', '', '', '', '', '1', 0, 1, NULL, '', '', '', '', '', 0, '', '', '', '', '', '', '', '', 1, 7, '', '', '', '', '', 'sample/company/no.jpg', 1, 'A', 1, 1, unix_timestamp(now()), 0);
INSERT INTO `pb_companies` (`id`, `member_id`, `cache_spacename`, `cache_membergroupid`, `cache_credits`, `topleveldomain`, `industry_id`, `area_id`, `type_id`, `name`, `description`, `english_name`, `adwords`, `keywords`, `boss_name`, `manage_type`, `year_annual`, `property`, `configs`, `bank_from`, `bank_account`, `main_prod`, `employee_amount`, `found_date`, `reg_fund`, `reg_address`, `address`, `zipcode`, `main_brand`, `main_market`, `main_biz_place`, `main_customer`, `link_man`, `link_man_gender`, `position`, `tel`, `fax`, `mobile`, `email`, `site_url`, `picture`, `status`, `first_letter`, `if_commend`, `clicked`, `created`, `modified`) VALUES(4, 2, 'athena2', 9, 0, '', 1, '2', 1, '宁波市江东兴丰铜制有限公司', '此为演示数据，不保证数据的真实性', '', '', '', '', '1', 0, 1, NULL, '', '', '', '', '', 0, '', '', '', '', '', '', '', '', 1, 7, '', '', '', '', '', 'sample/company/no.jpg', 1, 'A', 1, 1, unix_timestamp(now()), 0);
INSERT INTO `pb_companies` (`id`, `member_id`, `cache_spacename`, `cache_membergroupid`, `cache_credits`, `topleveldomain`, `industry_id`, `area_id`, `type_id`, `name`, `description`, `english_name`, `adwords`, `keywords`, `boss_name`, `manage_type`, `year_annual`, `property`, `configs`, `bank_from`, `bank_account`, `main_prod`, `employee_amount`, `found_date`, `reg_fund`, `reg_address`, `address`, `zipcode`, `main_brand`, `main_market`, `main_biz_place`, `main_customer`, `link_man`, `link_man_gender`, `position`, `tel`, `fax`, `mobile`, `email`, `site_url`, `picture`, `status`, `first_letter`, `if_commend`, `clicked`, `created`, `modified`) VALUES(5, 2, '', 9, 0, '', 1, '2', 1, '深圳市信诺达电子科技有限公司', '此为演示数据，不保证数据的真实性', '', '', '', '', '1', 0, 1, NULL, '', '', '', '', '', 0, '', '', '', '', '', '', '', '', 1, 7, '', '', '', '', '', 'sample/company/no.jpg', 1, 'A', 1, 1, unix_timestamp(now()), 0);
INSERT INTO `pb_companies` (`id`, `member_id`, `cache_spacename`, `cache_membergroupid`, `cache_credits`, `topleveldomain`, `industry_id`, `area_id`, `type_id`, `name`, `description`, `english_name`, `adwords`, `keywords`, `boss_name`, `manage_type`, `year_annual`, `property`, `configs`, `bank_from`, `bank_account`, `main_prod`, `employee_amount`, `found_date`, `reg_fund`, `reg_address`, `address`, `zipcode`, `main_brand`, `main_market`, `main_biz_place`, `main_customer`, `link_man`, `link_man_gender`, `position`, `tel`, `fax`, `mobile`, `email`, `site_url`, `picture`, `status`, `first_letter`, `if_commend`, `clicked`, `created`, `modified`) VALUES(6, 2, '', 9, 0, '', 2, '2', 1, '杭州约拿摩擦材料有限公司', '此为演示数据，不保证数据的真实性', '', '', '', '', '1', 0, 1, NULL, '', '', '', '', '', 0, '', '', '', '', '', '', '', '', 1, 7, '', '', '', '', '', 'sample/company/no.jpg', 1, 'A', 1, 1, unix_timestamp(now()), 0);
INSERT INTO `pb_companies` (`id`, `member_id`, `cache_spacename`, `cache_membergroupid`, `cache_credits`, `topleveldomain`, `industry_id`, `area_id`, `type_id`, `name`, `description`, `english_name`, `adwords`, `keywords`, `boss_name`, `manage_type`, `year_annual`, `property`, `configs`, `bank_from`, `bank_account`, `main_prod`, `employee_amount`, `found_date`, `reg_fund`, `reg_address`, `address`, `zipcode`, `main_brand`, `main_market`, `main_biz_place`, `main_customer`, `link_man`, `link_man_gender`, `position`, `tel`, `fax`, `mobile`, `email`, `site_url`, `picture`, `status`, `first_letter`, `if_commend`, `clicked`, `created`, `modified`) VALUES(7, 2, '', 9, 0, '', 2, '2', 1, '深圳华联发贸易有限公司', '此为演示数据，不保证数据的真实性', '', '', '', '', '1', 0, 1, NULL, '', '', '', '', '', 0, '', '', '', '', '', '', '', '', 1, 7, '', '', '', '', '', 'sample/company/no.jpg', 1, 'A', 1, 1, unix_timestamp(now()), 0);
INSERT INTO `pb_companies` (`id`, `member_id`, `cache_spacename`, `cache_membergroupid`, `cache_credits`, `topleveldomain`, `industry_id`, `area_id`, `type_id`, `name`, `description`, `english_name`, `adwords`, `keywords`, `boss_name`, `manage_type`, `year_annual`, `property`, `configs`, `bank_from`, `bank_account`, `main_prod`, `employee_amount`, `found_date`, `reg_fund`, `reg_address`, `address`, `zipcode`, `main_brand`, `main_market`, `main_biz_place`, `main_customer`, `link_man`, `link_man_gender`, `position`, `tel`, `fax`, `mobile`, `email`, `site_url`, `picture`, `status`, `first_letter`, `if_commend`, `clicked`, `created`, `modified`) VALUES(8, 2, '', 9, 0, '', 2, '1', 1, '北京圣轩建筑装饰有限公司', '此为演示数据，不保证数据的真实性', '', '', '', '', '1', 0, 1, NULL, '', '', '', '', '', 0, '', '', '', '', '', '', '', '', 1, 7, '', '', '', '', '', 'sample/company/no.jpg', 1, 'A', 1, 1, unix_timestamp(now()), 0);
INSERT INTO `pb_companies` (`id`, `member_id`, `cache_spacename`, `cache_membergroupid`, `cache_credits`, `topleveldomain`, `industry_id`, `area_id`, `type_id`, `name`, `description`, `english_name`, `adwords`, `keywords`, `boss_name`, `manage_type`, `year_annual`, `property`, `configs`, `bank_from`, `bank_account`, `main_prod`, `employee_amount`, `found_date`, `reg_fund`, `reg_address`, `address`, `zipcode`, `main_brand`, `main_market`, `main_biz_place`, `main_customer`, `link_man`, `link_man_gender`, `position`, `tel`, `fax`, `mobile`, `email`, `site_url`, `picture`, `status`, `first_letter`, `if_commend`, `clicked`, `created`, `modified`) VALUES(9, 2, '', 9, 0, '', 2, '1', 1, '上海西博思流体控制有限公司', '此为演示数据，不保证数据的真实性', '', '', '', '', '1', 0, 1, NULL, '', '', '', '', '', 0, '', '', '', '', '', '', '', '', 1, 7, '', '', '', '', '', 'sample/company/no.jpg', 1, 'A', 1, 1, unix_timestamp(now()), 0);
INSERT INTO `pb_companies` (`id`, `member_id`, `cache_spacename`, `cache_membergroupid`, `cache_credits`, `topleveldomain`, `industry_id`, `area_id`, `type_id`, `name`, `description`, `english_name`, `adwords`, `keywords`, `boss_name`, `manage_type`, `year_annual`, `property`, `configs`, `bank_from`, `bank_account`, `main_prod`, `employee_amount`, `found_date`, `reg_fund`, `reg_address`, `address`, `zipcode`, `main_brand`, `main_market`, `main_biz_place`, `main_customer`, `link_man`, `link_man_gender`, `position`, `tel`, `fax`, `mobile`, `email`, `site_url`, `picture`, `status`, `first_letter`, `if_commend`, `clicked`, `created`, `modified`) VALUES(10, 2, 'athena8', 9, 0, '', 3, '1', 1, '四川锦明建材有限公司', '此为演示数据，不保证数据的真实性', '', '', '', '', '1', 0, 1, NULL, '', '', '', '', '', 0, '', '', '', '', '', '', '', '', 1, 7, '', '', '', '', '', 'sample/company/no.jpg', 1, 'A', 1, 1, unix_timestamp(now()), 0);
INSERT INTO `pb_companies` (`id`, `member_id`, `cache_spacename`, `cache_membergroupid`, `cache_credits`, `topleveldomain`, `industry_id`, `area_id`, `type_id`, `name`, `description`, `english_name`, `adwords`, `keywords`, `boss_name`, `manage_type`, `year_annual`, `property`, `configs`, `bank_from`, `bank_account`, `main_prod`, `employee_amount`, `found_date`, `reg_fund`, `reg_address`, `address`, `zipcode`, `main_brand`, `main_market`, `main_biz_place`, `main_customer`, `link_man`, `link_man_gender`, `position`, `tel`, `fax`, `mobile`, `email`, `site_url`, `picture`, `status`, `first_letter`, `if_commend`, `clicked`, `created`, `modified`) VALUES(11, 2, 'athena9', 9, 0, '', 3, '1', 1, '苏州百硕自动化环保设备有限公司', '此为演示数据，不保证数据的真实性', '', '', '', '', '1', 0, 1, NULL, '', '', '', '', '', 0, '', '', '', '', '', '', '', '', 1, 7, '', '', '', '', '', 'sample/company/no.jpg', 1, 'A', 1, 1, unix_timestamp(now()), 0);

--
-- Table Datas `pb_countries`
--

INSERT INTO `pb_countries` (`id`, `name`, `picture`, `display_order`) VALUES(1, '中国', 'cn.gif', 0);
INSERT INTO `pb_countries` (`id`, `name`, `picture`, `display_order`) VALUES(3, '香港', 'hk.gif', 0);

--
-- Table Datas `pb_formitems`
--

INSERT INTO `pb_formitems` (`id`, `form_id`, `title`, `description`, `identifier`, `type`, `rules`, `display_order`) VALUES(1, 0, '产品数量', '', 'product_quantity', 'text', '', 0);
INSERT INTO `pb_formitems` (`id`, `form_id`, `title`, `description`, `identifier`, `type`, `rules`, `display_order`) VALUES(2, 0, '包装说明', '', 'packing', 'text', '', 0);
INSERT INTO `pb_formitems` (`id`, `form_id`, `title`, `description`, `identifier`, `type`, `rules`, `display_order`) VALUES(3, 0, '价格说明', '', 'product_price', 'text', '', 0);
INSERT INTO `pb_formitems` (`id`, `form_id`, `title`, `description`, `identifier`, `type`, `rules`, `display_order`) VALUES(4, 0, '产品规格', '', 'product_specification', 'text', '', 0);
INSERT INTO `pb_formitems` (`id`, `form_id`, `title`, `description`, `identifier`, `type`, `rules`, `display_order`) VALUES(5, 0, '产品编号', '', 'serial_number', 'text', '', 0);
INSERT INTO `pb_formitems` (`id`, `form_id`, `title`, `description`, `identifier`, `type`, `rules`, `display_order`) VALUES(6, 0, '产地', '', 'production_place', 'text', '', 0);
INSERT INTO `pb_formitems` (`id`, `form_id`, `title`, `description`, `identifier`, `type`, `rules`, `display_order`) VALUES(7, 0, '品牌', NULL, 'brand_name', 'text', NULL, 0);

--
-- Table Datas `pb_forms`
--

INSERT INTO `pb_forms` (`id`, `type_id`, `name`, `items`) VALUES(1, 1, '供求自定义字段', '1,2,3,4,5,6');
INSERT INTO `pb_forms` (`id`, `type_id`, `name`, `items`) VALUES(2, 2, '产品自定义字段', '1,2,3,4,5,6,7');

--
-- Table Datas `pb_friendlinks`
--

INSERT INTO `pb_friendlinks` (`id`, `friendlinktype_id`, `industry_id`, `area_id`, `title`, `logo`, `url`, `priority`, `status`, `description`, `created`, `modified`) VALUES(1, 1, 0, 0, 'PHPB2B', '', 'http://www.phpb2b.com/', 0, 1, '', 1293936472, 0);
INSERT INTO `pb_friendlinks` (`id`, `friendlinktype_id`, `industry_id`, `area_id`, `title`, `logo`, `url`, `priority`, `status`, `description`, `created`, `modified`) VALUES(2, 2, 0, 0, 'PHPB2B 演示', '', 'http://demo.phpb2b.com/', 0, 1, '', 1293936472, 0);

--
-- Table Datas `pb_friendlinktypes`
--

INSERT INTO `pb_friendlinktypes` (`id`, `name`) VALUES(1, '友情链接');
INSERT INTO `pb_friendlinktypes` (`id`, `name`) VALUES(2, '合作伙伴');

--
-- Table Datas `pb_goods`
--

INSERT INTO `pb_goods` (`id`, `type_id`, `name`, `description`, `price`, `closed`, `picture`, `if_commend`, `created`, `modified`) VALUES(2, 1, '高级会员升级', '', 0.02, 1, '', 0, 1293936472, 1300889949);
INSERT INTO `pb_goods` (`id`, `type_id`, `name`, `description`, `price`, `closed`, `picture`, `if_commend`, `created`, `modified`) VALUES(1, 1, '普通会员升级', '', 0.01, 1, '', 0, 1293936472, 1300889956);

--
-- Table Datas `pb_goodtypes`
--

INSERT INTO `pb_goodtypes` (`id`, `name`, `display_order`) VALUES(1, '商业服务', 0);
INSERT INTO `pb_goodtypes` (`id`, `name`, `display_order`) VALUES(2, '充值', 0);
INSERT INTO `pb_goodtypes` (`id`, `name`, `display_order`) VALUES(3, '广告位', 0);

--
-- Table Datas `pb_markets`
--

INSERT INTO `pb_markets` (`id`, `name`, `main_business`, `content`, `markettype_id`, `area_id`, `industry_id`, `picture`, `ip_address`, `status`, `clicked`, `if_commend`, `created`, `modified`) VALUES(5, '五金产品交易市场', '信息、通讯、软件、半导体', '', 1, 1, 1, 'sample/market/01.jpg', 0, 1, 1, 1, unix_timestamp(now()), 0);
INSERT INTO `pb_markets` (`id`, `name`, `main_business`, `content`, `markettype_id`, `area_id`, `industry_id`, `picture`, `ip_address`, `status`, `clicked`, `if_commend`, `created`, `modified`) VALUES(6, '化纤专业市场', '信息、通讯、软件、半导体', '', 1, 1, 1, 'sample/market/02.jpg', 0, 1, 1, 1, unix_timestamp(now()), 0);
INSERT INTO `pb_markets` (`id`, `name`, `main_business`, `content`, `markettype_id`, `area_id`, `industry_id`, `picture`, `ip_address`, `status`, `clicked`, `if_commend`, `created`, `modified`) VALUES(3, '海宁中国皮革城', '信息、通讯、软件、半导体', '', 1, 1, 1, 'sample/market/03.jpg', 0, 1, 1, 1, unix_timestamp(now()), 0);
INSERT INTO `pb_markets` (`id`, `name`, `main_business`, `content`, `markettype_id`, `area_id`, `industry_id`, `picture`, `ip_address`, `status`, `clicked`, `if_commend`, `created`, `modified`) VALUES(4, '浙江崇福皮草大世界', '信息、通讯、软件、半导体', '', 1, 1, 1, 'sample/market/04.jpg', 0, 1, 1, 1, unix_timestamp(now()), 0);
INSERT INTO `pb_markets` (`id`, `name`, `main_business`, `content`, `markettype_id`, `area_id`, `industry_id`, `picture`, `ip_address`, `status`, `clicked`, `if_commend`, `created`, `modified`) VALUES(1, '某批发市场', '信息、通讯、软件、半导体', NULL, 0, 1, 1, 'sample/market/05.jpg', 0, 0, 1, 0, 0, 0);
INSERT INTO `pb_markets` (`id`, `name`, `main_business`, `content`, `markettype_id`, `area_id`, `industry_id`, `picture`, `ip_address`, `status`, `clicked`, `if_commend`, `created`, `modified`) VALUES(2, '某专业市场', '信息、通讯、软件、半导体', NULL, 0, 1, 1, 'sample/market/06.jpg', 0, 0, 1, 0, 0, 0);

--
-- Table Datas `pb_markettypes`
--

INSERT INTO `pb_markettypes` (`id`, `name`, `display_order`) VALUES(1, '国内市场', 0);
INSERT INTO `pb_markettypes` (`id`, `name`, `display_order`) VALUES(2, '国外市场', 0);
INSERT INTO `pb_markettypes` (`id`, `name`, `display_order`) VALUES(3, '超级市场', 0);

--
-- Table Datas `pb_memberfields`
--

INSERT INTO `pb_memberfields` (`member_id`, `today_logins`, `total_logins`, `area_id`, `first_name`, `last_name`, `gender`, `tel`, `fax`, `mobile`, `qq`, `msn`, `icq`, `yahoo`, `skype`, `address`, `zipcode`, `site_url`, `question`, `answer`, `reg_ip`) VALUES(1, 0, 0, 6, '张', '三', 1, '', '', '', '', '', '', '', '', '', '', '', '', '', '127.0.0.1');
INSERT INTO `pb_memberfields` (`member_id`, `today_logins`, `total_logins`, `area_id`, `first_name`, `last_name`, `gender`, `tel`, `fax`, `mobile`, `qq`, `msn`, `icq`, `yahoo`, `skype`, `address`, `zipcode`, `site_url`, `question`, `answer`, `reg_ip`) VALUES(2, 0, 0, 0, '李', '四', 0, '', '', '', '', '', '', '', '', '', '', '', '', '', '127.0.0.1');

--
-- Table Datas `pb_membergroups`
--

INSERT INTO `pb_membergroups` (`id`, `membertype_id`, `name`, `description`, `type`, `system`, `picture`, `point_max`, `point_min`, `max_offer`, `max_product`, `max_job`, `max_companynews`, `max_producttype`, `max_album`, `max_attach_size`, `max_size_perday`, `max_favorite`, `is_default`, `allow_offer`, `allow_market`, `allow_company`, `allow_product`, `allow_job`, `allow_companynews`, `allow_album`, `allow_space`, `default_live_time`, `after_live_time`, `exempt`, `created`, `modified`) VALUES(1, 1, '非正式会员', '', 'system', 'private', 'informal.gif', 0, -32767, 0, 0, 0, 0, 0, 0, 0, 0, 0, 0, 0, 0, 0, 0, 0, 0, 0, 1, 0, 2, 0, 0, 1274002638);
INSERT INTO `pb_membergroups` (`id`, `membertype_id`, `name`, `description`, `type`, `system`, `picture`, `point_max`, `point_min`, `max_offer`, `max_product`, `max_job`, `max_companynews`, `max_producttype`, `max_album`, `max_attach_size`, `max_size_perday`, `max_favorite`, `is_default`, `allow_offer`, `allow_market`, `allow_company`, `allow_product`, `allow_job`, `allow_companynews`, `allow_album`, `allow_space`, `default_live_time`, `after_live_time`, `exempt`, `created`, `modified`) VALUES(2, 1, '正式会员', '', 'system', 'private', 'formal.gif', 32767, 0, 0, 0, 0, 0, 0, 0, 0, 0, 0, 0, 0, 0, 0, 1, 0, 0, 0, 1, 0, 2, 25, 0, 1274002638);
INSERT INTO `pb_membergroups` (`id`, `membertype_id`, `name`, `description`, `type`, `system`, `picture`, `point_max`, `point_min`, `max_offer`, `max_product`, `max_job`, `max_companynews`, `max_producttype`, `max_album`, `max_attach_size`, `max_size_perday`, `max_favorite`, `is_default`, `allow_offer`, `allow_market`, `allow_company`, `allow_product`, `allow_job`, `allow_companynews`, `allow_album`, `allow_space`, `default_live_time`, `after_live_time`, `exempt`, `created`, `modified`) VALUES(3, 1, '待审核会员', '等待验证', 'special', 'private', 'special_checking.gif', 0, 0, 0, 0, 0, 0, 3, 0, 0, 0, 0, 0, 1, 1, 1, 1, 1, 1, 1, 1, 1, 2, 0, 0, 1274002638);
INSERT INTO `pb_membergroups` (`id`, `membertype_id`, `name`, `description`, `type`, `system`, `picture`, `point_max`, `point_min`, `max_offer`, `max_product`, `max_job`, `max_companynews`, `max_producttype`, `max_album`, `max_attach_size`, `max_size_perday`, `max_favorite`, `is_default`, `allow_offer`, `allow_market`, `allow_company`, `allow_product`, `allow_job`, `allow_companynews`, `allow_album`, `allow_space`, `default_live_time`, `after_live_time`, `exempt`, `created`, `modified`) VALUES(4, 1, '禁止访问', '禁止访问网站', 'special', 'private', 'special_novisit.gif', 0, 0, 0, 0, 0, 0, 3, 0, 0, 0, 0, 0, 1, 1, 1, 1, 1, 1, 1, 1, 1, 2, 0, 0, 1274002638);
INSERT INTO `pb_membergroups` (`id`, `membertype_id`, `name`, `description`, `type`, `system`, `picture`, `point_max`, `point_min`, `max_offer`, `max_product`, `max_job`, `max_companynews`, `max_producttype`, `max_album`, `max_attach_size`, `max_size_perday`, `max_favorite`, `is_default`, `allow_offer`, `allow_market`, `allow_company`, `allow_product`, `allow_job`, `allow_companynews`, `allow_album`, `allow_space`, `default_live_time`, `after_live_time`, `exempt`, `created`, `modified`) VALUES(5, 1, '禁止发布', '禁止在商务室发表任何信息', 'special', 'private', 'special_noperm.gif', 0, 0, 0, 0, 0, 0, 3, 0, 0, 0, 0, 0, 1, 1, 1, 1, 1, 1, 1, 1, 1, 2, 0, 0, 1274002638);
INSERT INTO `pb_membergroups` (`id`, `membertype_id`, `name`, `description`, `type`, `system`, `picture`, `point_max`, `point_min`, `max_offer`, `max_product`, `max_job`, `max_companynews`, `max_producttype`, `max_album`, `max_attach_size`, `max_size_perday`, `max_favorite`, `is_default`, `allow_offer`, `allow_market`, `allow_company`, `allow_product`, `allow_job`, `allow_companynews`, `allow_album`, `allow_space`, `default_live_time`, `after_live_time`, `exempt`, `created`, `modified`) VALUES(6, 1, '禁止登陆', '禁止登陆商务室', 'special', 'private', 'special_nologin.gif', 0, 0, 0, 0, 0, 0, 3, 0, 0, 0, 0, 0, 1, 1, 1, 1, 1, 1, 1, 1, 1, 2, 0, 0, 1274002638);
INSERT INTO `pb_membergroups` (`id`, `membertype_id`, `name`, `description`, `type`, `system`, `picture`, `point_max`, `point_min`, `max_offer`, `max_product`, `max_job`, `max_companynews`, `max_producttype`, `max_album`, `max_attach_size`, `max_size_perday`, `max_favorite`, `is_default`, `allow_offer`, `allow_market`, `allow_company`, `allow_product`, `allow_job`, `allow_companynews`, `allow_album`, `allow_space`, `default_live_time`, `after_live_time`, `exempt`, `created`, `modified`) VALUES(7, 1, '个人会员', '普通级别会员', 'define', 'public', 'copper.gif', 0, 0, 5, 0, 0, 0, 3, 0, 0, 0, 0, 1, 3, 1, 3, 3, 3, 3, 1, 1, 1, 9, 24, 0, 1274002638);
INSERT INTO `pb_membergroups` (`id`, `membertype_id`, `name`, `description`, `type`, `system`, `picture`, `point_max`, `point_min`, `max_offer`, `max_product`, `max_job`, `max_companynews`, `max_producttype`, `max_album`, `max_attach_size`, `max_size_perday`, `max_favorite`, `is_default`, `allow_offer`, `allow_market`, `allow_company`, `allow_product`, `allow_job`, `allow_companynews`, `allow_album`, `allow_space`, `default_live_time`, `after_live_time`, `exempt`, `created`, `modified`) VALUES(8, 1, '高级个人会员', '高级个人会员', 'define', 'public', 'silver.gif', 0, 0, 0, 0, 0, 0, 3, 0, 0, 0, 0, 0, 1, 1, 1, 1, 1, 1, 1, 1, 2, 6, 25, 0, 1274002638);
INSERT INTO `pb_membergroups` (`id`, `membertype_id`, `name`, `description`, `type`, `system`, `picture`, `point_max`, `point_min`, `max_offer`, `max_product`, `max_job`, `max_companynews`, `max_producttype`, `max_album`, `max_attach_size`, `max_size_perday`, `max_favorite`, `is_default`, `allow_offer`, `allow_market`, `allow_company`, `allow_product`, `allow_job`, `allow_companynews`, `allow_album`, `allow_space`, `default_live_time`, `after_live_time`, `exempt`, `created`, `modified`) VALUES(9, 1, '普通企业会员', '企业会员一般此级别', 'define', 'public', 'gold.gif', 0, 0, 2, 2, 0, 0, 3, 0, 0, 0, 0, 0, 2, 3, 3, 2, 2, 2, 2, 1, 1, 2, 31, 0, 1274002638);
INSERT INTO `pb_membergroups` (`id`, `membertype_id`, `name`, `description`, `type`, `system`, `picture`, `point_max`, `point_min`, `max_offer`, `max_product`, `max_job`, `max_companynews`, `max_producttype`, `max_album`, `max_attach_size`, `max_size_perday`, `max_favorite`, `is_default`, `allow_offer`, `allow_market`, `allow_company`, `allow_product`, `allow_job`, `allow_companynews`, `allow_album`, `allow_space`, `default_live_time`, `after_live_time`, `exempt`, `created`, `modified`) VALUES(10, 2, 'VIP企业会员', '高级企业会员', 'define', 'public', 'vip.gif', 0, 0, 0, 0, 0, 0, 3, 0, 0, 0, 0, 0, 3, 3, 3, 3, 3, 3, 3, 1, 1, 2, 31, 0, 1274002638);

--
-- Table Datas `pb_members`
--

INSERT INTO `pb_members` (`id`, `space_name`, `templet_id`, `username`, `userpass`, `email`, `points`, `credits`, `balance_amount`, `trusttype_ids`, `status`, `photo`, `membertype_id`, `membergroup_id`, `last_login`, `last_ip`, `service_start_date`, `service_end_date`, `office_redirect`, `created`, `modified`) VALUES(1, 'zxcvzxcv', 5, 'admin', '980ac217c6b51e7dc41040bec1edfec8', 'administrator@yourdomain.com', 38, 55, 500.00, '2,1', '1', '', 2, 9, '1303431038', '2130706433', '1301414400', '1304092800', 0, '1293936462', '1301585957');
INSERT INTO `pb_members` (`id`, `space_name`, `templet_id`, `username`, `userpass`, `email`, `points`, `credits`, `balance_amount`, `trusttype_ids`, `status`, `photo`, `membertype_id`, `membergroup_id`, `last_login`, `last_ip`, `service_start_date`, `service_end_date`, `office_redirect`, `created`, `modified`) VALUES(2, 'athena', 1, 'athena', 'e10adc3949ba59abbe56e057f20f883e', 'administrator@host.com', 81, 80, 0.00, '1,2', '1', '', 2, 9, '1293936472', '2130706433', '1293936472', '1294022872', 0, '1293936472', '0');

--
-- Table Datas `pb_membertypes`
--

INSERT INTO `pb_membertypes` (`id`, `default_membergroup_id`, `name`, `description`) VALUES(1, 7, '个人会员', '您可以在本网免费发布供应信息、求购信息。');
INSERT INTO `pb_membertypes` (`id`, `default_membergroup_id`, `name`, `description`) VALUES(2, 9, '企业会员', '您可以拥有自己的企业网站；您可以建立自己的产品库、企业相册；您可以自由发布招聘信息。');
INSERT INTO `pb_membertypes` (`id`, `default_membergroup_id`, `name`, `description`) VALUES(3, 10, '商铺会员', '可以建立自己的商铺');

--
-- Table Datas `pb_navs`
--

INSERT INTO `pb_navs` (`id`, `parent_id`, `name`, `description`, `url`, `target`, `status`, `display_order`, `highlight`, `level`, `class_name`, `created`, `modified`) VALUES(1, 0, '首页', '', 'index.php', '_self', 1, 1, 0, 0, '', unix_timestamp(now()), 0);
INSERT INTO `pb_navs` (`id`, `parent_id`, `name`, `description`, `url`, `target`, `status`, `display_order`, `highlight`, `level`, `class_name`, `created`, `modified`) VALUES(2, 0, '求购', '', 'offer/list.php?typeid=1&navid=2', '_self', 1, 2, 0, 0, '', unix_timestamp(now()), unix_timestamp(now()));
INSERT INTO `pb_navs` (`id`, `parent_id`, `name`, `description`, `url`, `target`, `status`, `display_order`, `highlight`, `level`, `class_name`, `created`, `modified`) VALUES(3, 0, '供应', '', 'offer/list.php?typeid=2&navid=3', '_self', 1, 3, 0, 0, '', unix_timestamp(now()), unix_timestamp(now()));
INSERT INTO `pb_navs` (`id`, `parent_id`, `name`, `description`, `url`, `target`, `status`, `display_order`, `highlight`, `level`, `class_name`, `created`, `modified`) VALUES(4, 0, '招商加盟', '', 'offer/index.php?mod=invest', '_self', 1, 5, 0, 0, '', unix_timestamp(now()), unix_timestamp(now()));
INSERT INTO `pb_navs` (`id`, `parent_id`, `name`, `description`, `url`, `target`, `status`, `display_order`, `highlight`, `level`, `class_name`, `created`, `modified`) VALUES(5, 0, '展会', '', 'fair/', '_self', 1, 6, 0, 0, '', unix_timestamp(now()), unix_timestamp(now()));
INSERT INTO `pb_navs` (`id`, `parent_id`, `name`, `description`, `url`, `target`, `status`, `display_order`, `highlight`, `level`, `class_name`, `created`, `modified`) VALUES(6, 0, '价格行情', '', 'market/quote.php', '_self', 1, 8, 0, 0, '', unix_timestamp(now()), 0);
INSERT INTO `pb_navs` (`id`, `parent_id`, `name`, `description`, `url`, `target`, `status`, `display_order`, `highlight`, `level`, `class_name`, `created`, `modified`) VALUES(7, 0, '专业市场', '', 'market/index.php', '_self', 1, 9, 0, 0, '', unix_timestamp(now()), unix_timestamp(now()));
INSERT INTO `pb_navs` (`id`, `parent_id`, `name`, `description`, `url`, `target`, `status`, `display_order`, `highlight`, `level`, `class_name`, `created`, `modified`) VALUES(8, 0, '展会', '', 'fair/index.php', '_self', 0, 10, 0, 0, '', unix_timestamp(now()), 0);
INSERT INTO `pb_navs` (`id`, `parent_id`, `name`, `description`, `url`, `target`, `status`, `display_order`, `highlight`, `level`, `class_name`, `created`, `modified`) VALUES(9, 0, '人才招聘', '', 'hr/', '_self', 1, 11, 0, 0, '', unix_timestamp(now()), unix_timestamp(now()));
INSERT INTO `pb_navs` (`id`, `parent_id`, `name`, `description`, `url`, `target`, `status`, `display_order`, `highlight`, `level`, `class_name`, `created`, `modified`) VALUES(10, 0, '品牌', '', 'brand/', '_self', 1, 7, 0, 0, '', unix_timestamp(now()), unix_timestamp(now()));
INSERT INTO `pb_navs` (`id`, `parent_id`, `name`, `description`, `url`, `target`, `status`, `display_order`, `highlight`, `level`, `class_name`, `created`, `modified`) VALUES(11, 0, '批发', '', 'offer/index.php?mod=wholesale', '_self', 1, 4, 0, 0, '', unix_timestamp(now()), unix_timestamp(now()));
INSERT INTO `pb_navs` (`id`, `parent_id`, `name`, `description`, `url`, `target`, `status`, `display_order`, `highlight`, `level`, `class_name`, `created`, `modified`) VALUES(12, 0, '百科', '行业百科', 'dict/', '_self', 1, 12, 0, 0, '', unix_timestamp(now()), unix_timestamp(now()));

--
-- Table Datas `pb_products`
--

INSERT INTO `pb_products` (`id`, `member_id`, `company_id`, `cache_companyname`, `sort_id`, `brand_id`, `category_id`, `industry_id`, `country_id`, `area_id`, `name`, `price`, `sn`, `spec`, `produce_area`, `packing_content`, `picture`, `content`, `producttype_id`, `status`, `state`, `ifnew`, `ifcommend`, `priority`, `tag_ids`, `clicked`, `formattribute_ids`, `created`, `modified`) VALUES(1, 1, 1, '友邻电子商务网', 0, 0, 0, 5, 0, 1, '32英寸高清液晶电视', 100.00, '', '', '', '', 'sample/product/1.jpg', '尚品唛网——时尚耐用品之最新产品展示的平台.科技发展趋势.新品信息资讯', 1, 1, 1, 0, 1, 0, '', 10, NULL, unix_timestamp(now()), unix_timestamp(now()));
INSERT INTO `pb_products` (`id`, `member_id`, `company_id`, `cache_companyname`, `sort_id`, `brand_id`, `category_id`, `industry_id`, `country_id`, `area_id`, `name`, `price`, `sn`, `spec`, `produce_area`, `packing_content`, `picture`, `content`, `producttype_id`, `status`, `state`, `ifnew`, `ifcommend`, `priority`, `tag_ids`, `clicked`, `formattribute_ids`, `created`, `modified`) VALUES(2, 1, 1, '友邻电子商务网', 1, 0, 0, 1, 0, 1, 'dv_sx_c10', 125.00, '', '', '', '', 'sample/product/2.jpg', '分享您所了解的消费类产品信息，商机无限尽在唛网.最新产品资讯网。', 1, 1, 1, 0, 1, 0, NULL, 2, NULL, unix_timestamp(now()), unix_timestamp(now()));
INSERT INTO `pb_products` (`id`, `member_id`, `company_id`, `cache_companyname`, `sort_id`, `brand_id`, `category_id`, `industry_id`, `country_id`, `area_id`, `name`, `price`, `sn`, `spec`, `produce_area`, `packing_content`, `picture`, `content`, `producttype_id`, `status`, `state`, `ifnew`, `ifcommend`, `priority`, `tag_ids`, `clicked`, `formattribute_ids`, `created`, `modified`) VALUES(3, 1, 1, '友邻电子商务网', 1, 0, 0, 1, 0, 1, '电子词典', 256.00, '', '', '', '', 'sample/product/3.jpg', '涉及全球产品发展趋势、新品代理、招商加盟信息等杂谈', 1, 1, 1, 0, 1, 0, NULL, 11, NULL, unix_timestamp(now()), unix_timestamp(now()));
INSERT INTO `pb_products` (`id`, `member_id`, `company_id`, `cache_companyname`, `sort_id`, `brand_id`, `category_id`, `industry_id`, `country_id`, `area_id`, `name`, `price`, `sn`, `spec`, `produce_area`, `packing_content`, `picture`, `content`, `producttype_id`, `status`, `state`, `ifnew`, `ifcommend`, `priority`, `tag_ids`, `clicked`, `formattribute_ids`, `created`, `modified`) VALUES(4, 1, 1, '友邻电子商务网', 1, 0, 0, 1, 0, 1, 'e导航', 352.00, '', '', '', '', 'sample/product/4.jpg', '分享您所了解的生活居家耐用品资讯信息动态。（优秀的产品将会首页展示）', 1, 1, 1, 0, 0, 0, NULL, 2, NULL, unix_timestamp(now()), unix_timestamp(now()));
INSERT INTO `pb_products` (`id`, `member_id`, `company_id`, `cache_companyname`, `sort_id`, `brand_id`, `category_id`, `industry_id`, `country_id`, `area_id`, `name`, `price`, `sn`, `spec`, `produce_area`, `packing_content`, `picture`, `content`, `producttype_id`, `status`, `state`, `ifnew`, `ifcommend`, `priority`, `tag_ids`, `clicked`, `formattribute_ids`, `created`, `modified`) VALUES(5, 1, 1, '友邻电子商务网', 1, 0, 0, 1, 0, 1, '超值独显笔记本', 145.00, '', '', '', '', 'sample/product/5.jpg', 'Continuance电池问世了，可以通过电池的USB接口，为其它电子设备直接供电，除了侧面的USB接口它与普通充电电池别无', 2, 1, 1, 0, 0, 0, NULL, 2, NULL, unix_timestamp(now()), unix_timestamp(now()));
INSERT INTO `pb_products` (`id`, `member_id`, `company_id`, `cache_companyname`, `sort_id`, `brand_id`, `category_id`, `industry_id`, `country_id`, `area_id`, `name`, `price`, `sn`, `spec`, `produce_area`, `packing_content`, `picture`, `content`, `producttype_id`, `status`, `state`, `ifnew`, `ifcommend`, `priority`, `tag_ids`, `clicked`, `formattribute_ids`, `created`, `modified`) VALUES(6, 1, 1, '友邻电子商务网', 1, 0, 0, 1, 0, 1, 'MP4视频播放机', 255.00, '', '', '', '', 'sample/product/6.jpg', '索尼周二开始出货在CES上曾展示过的双屏幕数码摄像机Bloggie Duo HD，这款产品拥有前后两个2.0和2.7英寸摄像头，可以帮助自拍用户准确日本的核辐射泄露让大家重新认识了辐射的危害，这个概念设计也浮出水面，是专门针对孕妇群体，你可以佩戴在手上，平实的时候显示的是绿', 2, 1, 1, 0, 0, 0, NULL, 4, NULL, unix_timestamp(now()), unix_timestamp(now()));
INSERT INTO `pb_products` (`id`, `member_id`, `company_id`, `cache_companyname`, `sort_id`, `brand_id`, `category_id`, `industry_id`, `country_id`, `area_id`, `name`, `price`, `sn`, `spec`, `produce_area`, `packing_content`, `picture`, `content`, `producttype_id`, `status`, `state`, `ifnew`, `ifcommend`, `priority`, `tag_ids`, `clicked`, `formattribute_ids`, `created`, `modified`) VALUES(7, 1, 1, '友邻电子商务网', 1, 0, 0, 1, 0, 1, '高贵不贵1080高清', 6632.00, '', '', '', '', 'sample/product/7.jpg', '东芝欧洲今天宣布了Satellite P700 3D笔记本电脑，他们全部搭售3D主动快门眼镜，该产品线下一共有四个型号，分别是Satellite P750 3D/P7', 3, 1, 1, 0, 0, 0, NULL, 8, NULL, unix_timestamp(now()), unix_timestamp(now()));

--
-- Table Datas `pb_productsorts`
--

INSERT INTO `pb_productsorts` (`id`, `name`, `display_order`) VALUES(1, '最新产品', 0);
INSERT INTO `pb_productsorts` (`id`, `name`, `display_order`) VALUES(2, '库存产品', 0);
INSERT INTO `pb_productsorts` (`id`, `name`, `display_order`) VALUES(3, '普通产品', 0);

--
-- Table Datas `pb_settings`
--

INSERT INTO `pb_settings` (`id`, `type_id`, `variable`, `valued`) VALUES(348, 0, 'site_name', '友邻B2B行业电子商务网站管理系统');
INSERT INTO `pb_settings` (`id`, `type_id`, `variable`, `valued`) VALUES(349, 0, 'site_title', '友邻B2B行业电子商务网4.0 - Powered By PHPB2B');
INSERT INTO `pb_settings` (`id`, `type_id`, `variable`, `valued`) VALUES(350, 0, 'site_banner_word', '最专业的行业电子商务网站');
INSERT INTO `pb_settings` (`id`, `type_id`, `variable`, `valued`) VALUES(4, 0, 'company_name', '网站的版权者');
INSERT INTO `pb_settings` (`id`, `type_id`, `variable`, `valued`) VALUES(352, 0, 'site_url', 'http://www.host.com/');
INSERT INTO `pb_settings` (`id`, `type_id`, `variable`, `valued`) VALUES(353, 0, 'icp_number', 'ICP备案号码');
INSERT INTO `pb_settings` (`id`, `type_id`, `variable`, `valued`) VALUES(7, 0, 'service_tel', '(86)10-41235678');
INSERT INTO `pb_settings` (`id`, `type_id`, `variable`, `valued`) VALUES(8, 0, 'sale_tel', '(86)10-41235678');
INSERT INTO `pb_settings` (`id`, `type_id`, `variable`, `valued`) VALUES(9, 0, 'service_qq', '1319250566');
INSERT INTO `pb_settings` (`id`, `type_id`, `variable`, `valued`) VALUES(10, 0, 'service_msn', 'service@host.com');
INSERT INTO `pb_settings` (`id`, `type_id`, `variable`, `valued`) VALUES(11, 0, 'service_email', 'service@host.com');
INSERT INTO `pb_settings` (`id`, `type_id`, `variable`, `valued`) VALUES(324, 0, 'site_description', '<p>phpb2b是一款开源免费的b2b建站程序。</p>');
INSERT INTO `pb_settings` (`id`, `type_id`, `variable`, `valued`) VALUES(13, 0, 'cp_picture', '0');
INSERT INTO `pb_settings` (`id`, `type_id`, `variable`, `valued`) VALUES(14, 0, 'register_picture', '0');
INSERT INTO `pb_settings` (`id`, `type_id`, `variable`, `valued`) VALUES(15, 0, 'login_picture', '0');
INSERT INTO `pb_settings` (`id`, `type_id`, `variable`, `valued`) VALUES(16, 0, 'vispost_auth', '1');
INSERT INTO `pb_settings` (`id`, `type_id`, `variable`, `valued`) VALUES(17, 0, 'watermark', '1');
INSERT INTO `pb_settings` (`id`, `type_id`, `variable`, `valued`) VALUES(62, 0, 'watertext', 'PHPB2B');
INSERT INTO `pb_settings` (`id`, `type_id`, `variable`, `valued`) VALUES(19, 0, 'watercolor', '#990000');
INSERT INTO `pb_settings` (`id`, `type_id`, `variable`, `valued`) VALUES(20, 0, 'add_market_check', '1');
INSERT INTO `pb_settings` (`id`, `type_id`, `variable`, `valued`) VALUES(21, 0, 'regcheck', '0');
INSERT INTO `pb_settings` (`id`, `type_id`, `variable`, `valued`) VALUES(268, 0, 'vis_post', '1');
INSERT INTO `pb_settings` (`id`, `type_id`, `variable`, `valued`) VALUES(270, 0, 'vis_post_check', '0');
INSERT INTO `pb_settings` (`id`, `type_id`, `variable`, `valued`) VALUES(271, 0, 'sell_logincheck', '1');
INSERT INTO `pb_settings` (`id`, `type_id`, `variable`, `valued`) VALUES(272, 0, 'buy_logincheck', '0');
INSERT INTO `pb_settings` (`id`, `type_id`, `variable`, `valued`) VALUES(57, 0, 'install_dateline', unix_timestamp(now()));
INSERT INTO `pb_settings` (`id`, `type_id`, `variable`, `valued`) VALUES(27, 0, 'last_backup', unix_timestamp(now()));
INSERT INTO `pb_settings` (`id`, `type_id`, `variable`, `valued`) VALUES(28, 0, 'smtp_server', 'smtp.yourdomain.com');
INSERT INTO `pb_settings` (`id`, `type_id`, `variable`, `valued`) VALUES(29, 0, 'smtp_port', '25');
INSERT INTO `pb_settings` (`id`, `type_id`, `variable`, `valued`) VALUES(30, 0, 'smtp_auth', '1');
INSERT INTO `pb_settings` (`id`, `type_id`, `variable`, `valued`) VALUES(31, 0, 'mail_from', 'administrator@host.com');
INSERT INTO `pb_settings` (`id`, `type_id`, `variable`, `valued`) VALUES(32, 0, 'mail_fromwho', '网站管理员');
INSERT INTO `pb_settings` (`id`, `type_id`, `variable`, `valued`) VALUES(33, 0, 'auth_username', 'administrator@host.com');
INSERT INTO `pb_settings` (`id`, `type_id`, `variable`, `valued`) VALUES(34, 0, 'auth_password', 'password');
INSERT INTO `pb_settings` (`id`, `type_id`, `variable`, `valued`) VALUES(35, 0, 'send_mail', '2');
INSERT INTO `pb_settings` (`id`, `type_id`, `variable`, `valued`) VALUES(36, 0, 'sendmail_silent', '1');
INSERT INTO `pb_settings` (`id`, `type_id`, `variable`, `valued`) VALUES(37, 0, 'mail_delimiter', '0');
INSERT INTO `pb_settings` (`id`, `type_id`, `variable`, `valued`) VALUES(360, 0, 'reg_filename', 'register.php');
INSERT INTO `pb_settings` (`id`, `type_id`, `variable`, `valued`) VALUES(402, 0, 'new_userauth', '0');
INSERT INTO `pb_settings` (`id`, `type_id`, `variable`, `valued`) VALUES(361, 0, 'post_filename', 'post.php');
INSERT INTO `pb_settings` (`id`, `type_id`, `variable`, `valued`) VALUES(41, 0, 'forbid_ip', '');
INSERT INTO `pb_settings` (`id`, `type_id`, `variable`, `valued`) VALUES(403, 0, 'ip_reg_sep', '0');
INSERT INTO `pb_settings` (`id`, `type_id`, `variable`, `valued`) VALUES(60, 0, 'backup_dir', 'EdSJUs');
INSERT INTO `pb_settings` (`id`, `type_id`, `variable`, `valued`) VALUES(258, 0, 'capt_logging', '0');
INSERT INTO `pb_settings` (`id`, `type_id`, `variable`, `valued`) VALUES(259, 0, 'capt_register', '1');
INSERT INTO `pb_settings` (`id`, `type_id`, `variable`, `valued`) VALUES(260, 0, 'capt_post_free', '0');
INSERT INTO `pb_settings` (`id`, `type_id`, `variable`, `valued`) VALUES(261, 0, 'capt_add_market', '0');
INSERT INTO `pb_settings` (`id`, `type_id`, `variable`, `valued`) VALUES(262, 0, 'capt_login_admin', '1');
INSERT INTO `pb_settings` (`id`, `type_id`, `variable`, `valued`) VALUES(263, 0, 'capt_apply_friendlink', '0');
INSERT INTO `pb_settings` (`id`, `type_id`, `variable`, `valued`) VALUES(264, 0, 'capt_service', '0');
INSERT INTO `pb_settings` (`id`, `type_id`, `variable`, `valued`) VALUES(51, 0, 'backup_type', '1');
INSERT INTO `pb_settings` (`id`, `type_id`, `variable`, `valued`) VALUES(400, 0, 'register_type', 'open_common_reg');
INSERT INTO `pb_settings` (`id`, `type_id`, `variable`, `valued`) VALUES(267, 0, 'auth_key', 'MPQJq&D6');
INSERT INTO `pb_settings` (`id`, `type_id`, `variable`, `valued`) VALUES(54, 0, 'keyword_bidding', '0');
INSERT INTO `pb_settings` (`id`, `type_id`, `variable`, `valued`) VALUES(201, 0, 'passport_support', '0');
INSERT INTO `pb_settings` (`id`, `type_id`, `variable`, `valued`) VALUES(351, 0, 'site_logo', 'images/logo.jpg');
INSERT INTO `pb_settings` (`id`, `type_id`, `variable`, `valued`) VALUES(362, 0, 'main_cache', '1');
INSERT INTO `pb_settings` (`id`, `type_id`, `variable`, `valued`) VALUES(363, 0, 'member_cache', '0');
INSERT INTO `pb_settings` (`id`, `type_id`, `variable`, `valued`) VALUES(364, 0, 'space_cache', '0');
INSERT INTO `pb_settings` (`id`, `type_id`, `variable`, `valued`) VALUES(365, 0, 'label_cache', '0');
INSERT INTO `pb_settings` (`id`, `type_id`, `variable`, `valued`) VALUES(366, 0, 'main_cache_lifetime', '3600');
INSERT INTO `pb_settings` (`id`, `type_id`, `variable`, `valued`) VALUES(367, 0, 'main_cache_check', '0');
INSERT INTO `pb_settings` (`id`, `type_id`, `variable`, `valued`) VALUES(344, 1, 'update_alert_type', '1');
INSERT INTO `pb_settings` (`id`, `type_id`, `variable`, `valued`) VALUES(345, 1, 'update_alert_lasttime', '1301549982');
INSERT INTO `pb_settings` (`id`, `type_id`, `variable`, `valued`) VALUES(369, 0, 'theme', 'red');
INSERT INTO `pb_settings` (`id`, `type_id`, `variable`, `valued`) VALUES(269, 0, 'tag_check', '0');
INSERT INTO `pb_settings` (`id`, `type_id`, `variable`, `valued`) VALUES(273, 0, 'session_savepath', '0');
INSERT INTO `pb_settings` (`id`, `type_id`, `variable`, `valued`) VALUES(274, 1, 'offer_expire_method', '1');
INSERT INTO `pb_settings` (`id`, `type_id`, `variable`, `valued`) VALUES(275, 1, 'offer_moderate_point', '0');
INSERT INTO `pb_settings` (`id`, `type_id`, `variable`, `valued`) VALUES(276, 1, 'offer_refresh_lower_day', '3');
INSERT INTO `pb_settings` (`id`, `type_id`, `variable`, `valued`) VALUES(277, 1, 'offer_update_lower_hour', '24');
INSERT INTO `pb_settings` (`id`, `type_id`, `variable`, `valued`) VALUES(278, 1, 'offer_filter', '0');
INSERT INTO `pb_settings` (`id`, `type_id`, `variable`, `valued`) VALUES(358, 0, 'redirect_url', '');
INSERT INTO `pb_settings` (`id`, `type_id`, `variable`, `valued`) VALUES(399, 0, 'languages', '');
INSERT INTO `pb_settings` (`id`, `type_id`, `variable`, `valued`) VALUES(346, 0, 'time_offset', '0');
INSERT INTO `pb_settings` (`id`, `type_id`, `variable`, `valued`) VALUES(347, 0, 'date_format', 'Y-m-d');
INSERT INTO `pb_settings` (`id`, `type_id`, `variable`, `valued`) VALUES(401, 0, 'agreement', '<p>Demo</p>');
INSERT INTO `pb_settings` (`id`, `type_id`, `variable`, `valued`) VALUES(359, 0, 'space_name', '商铺');
INSERT INTO `pb_settings` (`id`, `type_id`, `variable`, `valued`) VALUES(404, 0, 'welcome_msg', '0');

--
-- Table Datas `pb_tags`
--

INSERT INTO `pb_tags` (`id`, `member_id`, `name`, `numbers`, `closed`, `flag`, `created`, `modified`) VALUES(1, 0, '热门', 1, 0, 0, unix_timestamp(now()), unix_timestamp(now()));
INSERT INTO `pb_tags` (`id`, `member_id`, `name`, `numbers`, `closed`, `flag`, `created`, `modified`) VALUES(2, 0, '搜索', 2, 0, 1, unix_timestamp(now()), unix_timestamp(now()));
INSERT INTO `pb_tags` (`id`, `member_id`, `name`, `numbers`, `closed`, `flag`, `created`, `modified`) VALUES(3, 0, '标签', 1, 0, 2, unix_timestamp(now()), unix_timestamp(now()));

--
-- Table Datas `pb_templets`
--

INSERT INTO `pb_templets` (`id`, `name`, `title`, `directory`, `type`, `author`, `style`, `description`, `is_default`, `require_membertype`, `require_membergroups`, `status`) VALUES(3, 'brown', '棕色企业模板', 'skins/brown/', 'user', 'PB TEAM', '', 'A PHPB2B Corperate Templet. Enjoy!', 0, '0', '0', 1);
INSERT INTO `pb_templets` (`id`, `name`, `title`, `directory`, `type`, `author`, `style`, `description`, `is_default`, `require_membertype`, `require_membergroups`, `status`) VALUES(4, 'red', '红色企业模板', 'skins/red/', 'user', 'PB TEAM', '', 'A PHPB2B Corperate Templet. Enjoy!', 0, '0', '0', 1);
INSERT INTO `pb_templets` (`id`, `name`, `title`, `directory`, `type`, `author`, `style`, `description`, `is_default`, `require_membertype`, `require_membergroups`, `status`) VALUES(5, 'default', '默认企业模板', 'skins/default/', 'user', 'PB TEAM', '', 'A PHPB2B Corperate Templet. Enjoy!', 0, '0', '0', 1);
INSERT INTO `pb_templets` (`id`, `name`, `title`, `directory`, `type`, `author`, `style`, `description`, `is_default`, `require_membertype`, `require_membergroups`, `status`) VALUES(7, 'green', '绿色企业模板', 'skins/green/', 'user', 'PB TEAM', '', 'A PHPB2B Corperate Templet. Enjoy!', 0, '0', '0', 1);
INSERT INTO `pb_templets` (`id`, `name`, `title`, `directory`, `type`, `author`, `style`, `description`, `is_default`, `require_membertype`, `require_membergroups`, `status`) VALUES(8, 'orange', '橙色企业模板', 'skins/orange/', 'user', 'PB TEAM', '', 'A PHPB2B Corperate Templet. Enjoy!', 0, '0', '0', 1);
INSERT INTO `pb_templets` (`id`, `name`, `title`, `directory`, `type`, `author`, `style`, `description`, `is_default`, `require_membertype`, `require_membergroups`, `status`) VALUES(15, 'green', '绿色模板', 'templates/green/', 'system', 'PB TEAM', '#71B522', 'A PHPB2B Orange Color Style Templet. Enjoy!', 0, '0', '0', 1);
INSERT INTO `pb_templets` (`id`, `name`, `title`, `directory`, `type`, `author`, `style`, `description`, `is_default`, `require_membertype`, `require_membergroups`, `status`) VALUES(11, 'red', '红色模板', 'templates/red/', 'system', 'PB TEAM', '#CF352E', 'A PHPB2B Red Color Style Templet. Enjoy!', 1, '0', '0', 1);
INSERT INTO `pb_templets` (`id`, `name`, `title`, `directory`, `type`, `author`, `style`, `description`, `is_default`, `require_membertype`, `require_membergroups`, `status`) VALUES(12, 'default', '默认模板', 'templates/default/', 'system', 'PB TEAM', '#4DB5F8', 'A Ualink Default Template. Enjoy!', 0, '0', '0', 1);

--
-- Table Datas `pb_topics`
--

INSERT INTO `pb_topics` (`id`, `alias_name`, `templet`, `title`, `picture`, `description`, `created`, `modified`) VALUES(1, 'test1', 'test1', '金砖国家领导人第三次会晤', 'sample/topic/1.jpg', '', unix_timestamp(now()), 0);
INSERT INTO `pb_topics` (`id`, `alias_name`, `templet`, `title`, `picture`, `description`, `created`, `modified`) VALUES(2, 'test2', '', '苹果Ipad2新品发布', 'sample/topic/2.jpg', '', unix_timestamp(now()), 0);
INSERT INTO `pb_topics` (`id`, `alias_name`, `templet`, `title`, `picture`, `description`, `created`, `modified`) VALUES(3, 'test3', '', '日本附近海域9.0级地震', 'sample/topic/3.jpg', '', unix_timestamp(now()), 0);

--
-- Table Datas `pb_trades`
--

INSERT INTO `pb_trades` (`id`, `type_id`, `industry_id`, `country_id`, `area_id`, `member_id`, `company_id`, `cache_username`, `cache_companyname`, `cache_contacts`, `title`, `adwords`, `content`, `price`, `measuring_unit`, `monetary_unit`, `packing`, `quantity`, `display_order`, `display_expiration`, `spec`, `sn`, `picture`, `picture_remote`, `status`, `submit_time`, `expire_time`, `expire_days`, `if_commend`, `if_urgent`, `if_locked`, `require_point`, `require_membertype`, `require_freedate`, `ip_addr`, `clicked`, `tag_ids`, `formattribute_ids`, `highlight`, `created`, `modified`) VALUES(1, 1, 1, 0, 0, 1, 13, '', '', '', '求购双门不锈钢工作台 ', '品牌招商', '此为演示数据,不保证数据的真实性', 1.23, '0', '0', '', '', 0, 0, '', '', 'sample/offer/1/1.jpg', '', 1, unix_timestamp(now()), unix_timestamp(now())+2592000, 10, 1, '1', '0', 0, 0, 0, '', 4, '', NULL, 0, unix_timestamp(now()), unix_timestamp(now()));
INSERT INTO `pb_trades` (`id`, `type_id`, `industry_id`, `country_id`, `area_id`, `member_id`, `company_id`, `cache_username`, `cache_companyname`, `cache_contacts`, `title`, `adwords`, `content`, `price`, `measuring_unit`, `monetary_unit`, `packing`, `quantity`, `display_order`, `display_expiration`, `spec`, `sn`, `picture`, `picture_remote`, `status`, `submit_time`, `expire_time`, `expire_days`, `if_commend`, `if_urgent`, `if_locked`, `require_point`, `require_membertype`, `require_freedate`, `ip_addr`, `clicked`, `tag_ids`, `formattribute_ids`, `highlight`, `created`, `modified`) VALUES(2, 1, 1, 0, 0, 1, 13, '', '', '', '求购玉米大米花生红小豆', '服装招商', '此为演示数据,不保证数据的真实性', 1.23, '0', '0', '', '', 0, 0, '', '', 'sample/offer/1/2.jpg', '', 1, unix_timestamp(now()), unix_timestamp(now())+2592000, 10, 1, '1', '0', 0, 0, 0, '', 3, '', NULL, 0, unix_timestamp(now()), unix_timestamp(now()));
INSERT INTO `pb_trades` (`id`, `type_id`, `industry_id`, `country_id`, `area_id`, `member_id`, `company_id`, `cache_username`, `cache_companyname`, `cache_contacts`, `title`, `adwords`, `content`, `price`, `measuring_unit`, `monetary_unit`, `packing`, `quantity`, `display_order`, `display_expiration`, `spec`, `sn`, `picture`, `picture_remote`, `status`, `submit_time`, `expire_time`, `expire_days`, `if_commend`, `if_urgent`, `if_locked`, `require_point`, `require_membertype`, `require_freedate`, `ip_addr`, `clicked`, `tag_ids`, `formattribute_ids`, `highlight`, `created`, `modified`) VALUES(3, 1, 1, 0, 0, 1, 13, '', '', '', '爱沙尼亚客商采购淡水鲈鱼', '餐饮大全', '此为演示数据,不保证数据的真实性', 1.23, '0', '0', '', '', 0, 0, '', '', 'sample/offer/1/3.jpg', '', 1, unix_timestamp(now()), unix_timestamp(now())+2592000, 10, 1, '1', '0', 0, 0, 0, '', 1, '', NULL, 0, unix_timestamp(now()), unix_timestamp(now()));
INSERT INTO `pb_trades` (`id`, `type_id`, `industry_id`, `country_id`, `area_id`, `member_id`, `company_id`, `cache_username`, `cache_companyname`, `cache_contacts`, `title`, `adwords`, `content`, `price`, `measuring_unit`, `monetary_unit`, `packing`, `quantity`, `display_order`, `display_expiration`, `spec`, `sn`, `picture`, `picture_remote`, `status`, `submit_time`, `expire_time`, `expire_days`, `if_commend`, `if_urgent`, `if_locked`, `require_point`, `require_membertype`, `require_freedate`, `ip_addr`, `clicked`, `tag_ids`, `formattribute_ids`, `highlight`, `created`, `modified`) VALUES(4, 1, 1, 0, 0, 1, 13, '', '', '', 'SLEEPCO公司求购', '家居建材', '此为演示数据,不保证数据的真实性', 1.23, '0', '0', '', '', 0, 0, '', '', 'sample/offer/1/4.jpg', '', 1, unix_timestamp(now()), unix_timestamp(now())+2592000, 10, 1, '1', '0', 0, 0, 0, '', 3, '', NULL, 0, unix_timestamp(now()), unix_timestamp(now()));
INSERT INTO `pb_trades` (`id`, `type_id`, `industry_id`, `country_id`, `area_id`, `member_id`, `company_id`, `cache_username`, `cache_companyname`, `cache_contacts`, `title`, `adwords`, `content`, `price`, `measuring_unit`, `monetary_unit`, `packing`, `quantity`, `display_order`, `display_expiration`, `spec`, `sn`, `picture`, `picture_remote`, `status`, `submit_time`, `expire_time`, `expire_days`, `if_commend`, `if_urgent`, `if_locked`, `require_point`, `require_membertype`, `require_freedate`, `ip_addr`, `clicked`, `tag_ids`, `formattribute_ids`, `highlight`, `created`, `modified`) VALUES(5, 1, 1, 0, 0, 1, 13, '', '', '', '求购樟松树苗株', '美容教育', '此为演示数据,不保证数据的真实性', 1.23, '0', '0', '', '', 0, 0, '', '', 'sample/offer/1/5.jpg', '', 1, unix_timestamp(now()), unix_timestamp(now())+2592000, 10, 1, '1', '0', 0, 0, 0, '', 1, '', NULL, 0, unix_timestamp(now()), unix_timestamp(now()));
INSERT INTO `pb_trades` (`id`, `type_id`, `industry_id`, `country_id`, `area_id`, `member_id`, `company_id`, `cache_username`, `cache_companyname`, `cache_contacts`, `title`, `adwords`, `content`, `price`, `measuring_unit`, `monetary_unit`, `packing`, `quantity`, `display_order`, `display_expiration`, `spec`, `sn`, `picture`, `picture_remote`, `status`, `submit_time`, `expire_time`, `expire_days`, `if_commend`, `if_urgent`, `if_locked`, `require_point`, `require_membertype`, `require_freedate`, `ip_addr`, `clicked`, `tag_ids`, `formattribute_ids`, `highlight`, `created`, `modified`) VALUES(6, 1, 1, 0, 0, 1, 13, '', '', '', '求购西瓜', '机械环保', '此为演示数据,不保证数据的真实性', 1.23, '0', '0', '', '', 0, 0, '', '', 'sample/offer/1/6.jpg', '', 1, unix_timestamp(now()), unix_timestamp(now())+2592000, 10, 1, '1', '0', 0, 0, 0, '', 3, '', NULL, 0, unix_timestamp(now()), unix_timestamp(now()));
INSERT INTO `pb_trades` (`id`, `type_id`, `industry_id`, `country_id`, `area_id`, `member_id`, `company_id`, `cache_username`, `cache_companyname`, `cache_contacts`, `title`, `adwords`, `content`, `price`, `measuring_unit`, `monetary_unit`, `packing`, `quantity`, `display_order`, `display_expiration`, `spec`, `sn`, `picture`, `picture_remote`, `status`, `submit_time`, `expire_time`, `expire_days`, `if_commend`, `if_urgent`, `if_locked`, `require_point`, `require_membertype`, `require_freedate`, `ip_addr`, `clicked`, `tag_ids`, `formattribute_ids`, `highlight`, `created`, `modified`) VALUES(7, 1, 1, 0, 0, 1, 13, '', '', '', '亚商求购中国产各种金属家具', '新奇特', '此为演示数据,不保证数据的真实性', 1.23, '0', '0', '', '', 0, 0, '', '', 'sample/offer/1/7.jpg', '', 1, unix_timestamp(now()), unix_timestamp(now())+2592000, 10, 1, '1', '0', 0, 0, 0, '', 2, '', NULL, 0, unix_timestamp(now()), unix_timestamp(now()));
INSERT INTO `pb_trades` (`id`, `type_id`, `industry_id`, `country_id`, `area_id`, `member_id`, `company_id`, `cache_username`, `cache_companyname`, `cache_contacts`, `title`, `adwords`, `content`, `price`, `measuring_unit`, `monetary_unit`, `packing`, `quantity`, `display_order`, `display_expiration`, `spec`, `sn`, `picture`, `picture_remote`, `status`, `submit_time`, `expire_time`, `expire_days`, `if_commend`, `if_urgent`, `if_locked`, `require_point`, `require_membertype`, `require_freedate`, `ip_addr`, `clicked`, `tag_ids`, `formattribute_ids`, `highlight`, `created`, `modified`) VALUES(8, 1, 1, 0, 0, 1, 1, '', '', '', '尼泊尔烟草招标', '精品荟萃', '此为演示数据,不保证数据的真实性', 1.23, '0', '0', '', '', 0, 0, '', '', 'sample/offer/1/8.jpg', '', 1, unix_timestamp(now()), unix_timestamp(now())+2592000, 10, 1, '1', '0', 0, 0, 0, '', 1, '', NULL, 0, unix_timestamp(now()), unix_timestamp(now()));
INSERT INTO `pb_trades` (`id`, `type_id`, `industry_id`, `country_id`, `area_id`, `member_id`, `company_id`, `cache_username`, `cache_companyname`, `cache_contacts`, `title`, `adwords`, `content`, `price`, `measuring_unit`, `monetary_unit`, `packing`, `quantity`, `display_order`, `display_expiration`, `spec`, `sn`, `picture`, `picture_remote`, `status`, `submit_time`, `expire_time`, `expire_days`, `if_commend`, `if_urgent`, `if_locked`, `require_point`, `require_membertype`, `require_freedate`, `ip_addr`, `clicked`, `tag_ids`, `formattribute_ids`, `highlight`, `created`, `modified`) VALUES(9, 1, 1, 0, 0, 1, 1, '', '', '', '亚商求购中国产食品包装设备', '文字致富', '此为演示数据,不保证数据的真实性', 1.23, '0', '0', '', '', 0, 0, '', '', 'sample/offer/1/9.jpg', '', 1, unix_timestamp(now()), unix_timestamp(now())+2592000, 10, 1, '1', '0', 0, 0, 0, '', 2, '', NULL, 0, unix_timestamp(now()), unix_timestamp(now()));
INSERT INTO `pb_trades` (`id`, `type_id`, `industry_id`, `country_id`, `area_id`, `member_id`, `company_id`, `cache_username`, `cache_companyname`, `cache_contacts`, `title`, `adwords`, `content`, `price`, `measuring_unit`, `monetary_unit`, `packing`, `quantity`, `display_order`, `display_expiration`, `spec`, `sn`, `picture`, `picture_remote`, `status`, `submit_time`, `expire_time`, `expire_days`, `if_commend`, `if_urgent`, `if_locked`, `require_point`, `require_membertype`, `require_freedate`, `ip_addr`, `clicked`, `tag_ids`, `formattribute_ids`, `highlight`, `created`, `modified`) VALUES(10, 1, 1, 0, 0, 1, 1, '', '', '', '亚商求购中国布料', '商机资讯', '此为演示数据,不保证数据的真实性', 1.23, '0', '0', '', '', 0, 0, '', '', 'sample/offer/1/10.jpg', '', 1, unix_timestamp(now()), unix_timestamp(now())+2592000, 10, 1, '1', '0', 0, 0, 0, '', 5, '', NULL, 0, unix_timestamp(now()), unix_timestamp(now()));
INSERT INTO `pb_trades` (`id`, `type_id`, `industry_id`, `country_id`, `area_id`, `member_id`, `company_id`, `cache_username`, `cache_companyname`, `cache_contacts`, `title`, `adwords`, `content`, `price`, `measuring_unit`, `monetary_unit`, `packing`, `quantity`, `display_order`, `display_expiration`, `spec`, `sn`, `picture`, `picture_remote`, `status`, `submit_time`, `expire_time`, `expire_days`, `if_commend`, `if_urgent`, `if_locked`, `require_point`, `require_membertype`, `require_freedate`, `ip_addr`, `clicked`, `tag_ids`, `formattribute_ids`, `highlight`, `created`, `modified`) VALUES(11, 1, 1, 0, 0, 1, 1, '', '', '', '亚商求购中国产电脑配件', '视频', '此为演示数据,不保证数据的真实性', 1.23, '0', '0', '', '', 0, 0, '', '', 'sample/offer/1/11.jpg', '', 1, unix_timestamp(now()), unix_timestamp(now())+2592000, 10, 1, '0', '0', 0, 0, 0, '', 3, '', NULL, 0, unix_timestamp(now()), unix_timestamp(now()));
INSERT INTO `pb_trades` (`id`, `type_id`, `industry_id`, `country_id`, `area_id`, `member_id`, `company_id`, `cache_username`, `cache_companyname`, `cache_contacts`, `title`, `adwords`, `content`, `price`, `measuring_unit`, `monetary_unit`, `packing`, `quantity`, `display_order`, `display_expiration`, `spec`, `sn`, `picture`, `picture_remote`, `status`, `submit_time`, `expire_time`, `expire_days`, `if_commend`, `if_urgent`, `if_locked`, `require_point`, `require_membertype`, `require_freedate`, `ip_addr`, `clicked`, `tag_ids`, `formattribute_ids`, `highlight`, `created`, `modified`) VALUES(12, 1, 1, 0, 0, 1, 1, '', '', '', '利比亚客商有意购买中国产薯条制作设备', '专业招商', '此为演示数据,不保证数据的真实性', 1.23, '0', '0', '', '', 0, 0, '', '', 'sample/offer/1/12.jpg', '', 1, unix_timestamp(now()), unix_timestamp(now())+2592000, 10, 1, '0', '0', 0, 0, 0, '', 3, '', NULL, 0, unix_timestamp(now()), unix_timestamp(now()));
INSERT INTO `pb_trades` (`id`, `type_id`, `industry_id`, `country_id`, `area_id`, `member_id`, `company_id`, `cache_username`, `cache_companyname`, `cache_contacts`, `title`, `adwords`, `content`, `price`, `measuring_unit`, `monetary_unit`, `packing`, `quantity`, `display_order`, `display_expiration`, `spec`, `sn`, `picture`, `picture_remote`, `status`, `submit_time`, `expire_time`, `expire_days`, `if_commend`, `if_urgent`, `if_locked`, `require_point`, `require_membertype`, `require_freedate`, `ip_addr`, `clicked`, `tag_ids`, `formattribute_ids`, `highlight`, `created`, `modified`) VALUES(13, 1, 1, 0, 0, 1, 1, '', '', '', '供应日本落叶松苗', '加盟致富', '此为演示数据,不保证数据的真实性', 1.23, '0', '0', '', '', 0, 0, '', '', 'sample/offer/1/13.jpg', '', 1, unix_timestamp(now()), unix_timestamp(now())+2592000, 10, 1, '0', '0', 0, 0, 0, '', 4, '', NULL, 0, unix_timestamp(now()), unix_timestamp(now()));
INSERT INTO `pb_trades` (`id`, `type_id`, `industry_id`, `country_id`, `area_id`, `member_id`, `company_id`, `cache_username`, `cache_companyname`, `cache_contacts`, `title`, `adwords`, `content`, `price`, `measuring_unit`, `monetary_unit`, `packing`, `quantity`, `display_order`, `display_expiration`, `spec`, `sn`, `picture`, `picture_remote`, `status`, `submit_time`, `expire_time`, `expire_days`, `if_commend`, `if_urgent`, `if_locked`, `require_point`, `require_membertype`, `require_freedate`, `ip_addr`, `clicked`, `tag_ids`, `formattribute_ids`, `highlight`, `created`, `modified`) VALUES(14, 1, 1, 0, 0, 1, 1, '', '', '', '供应各种花卉', '信息网服装', '此为演示数据,不保证数据的真实性', 1.23, '0', '0', '', '', 0, 0, '', '', 'sample/offer/1/14.jpg', '', 1, unix_timestamp(now()), unix_timestamp(now())+2592000, 10, 1, '0', '0', 0, 0, 0, '', 1, '', NULL, 0, unix_timestamp(now()), unix_timestamp(now()));
INSERT INTO `pb_trades` (`id`, `type_id`, `industry_id`, `country_id`, `area_id`, `member_id`, `company_id`, `cache_username`, `cache_companyname`, `cache_contacts`, `title`, `adwords`, `content`, `price`, `measuring_unit`, `monetary_unit`, `packing`, `quantity`, `display_order`, `display_expiration`, `spec`, `sn`, `picture`, `picture_remote`, `status`, `submit_time`, `expire_time`, `expire_days`, `if_commend`, `if_urgent`, `if_locked`, `require_point`, `require_membertype`, `require_freedate`, `ip_addr`, `clicked`, `tag_ids`, `formattribute_ids`, `highlight`, `created`, `modified`) VALUES(15, 2, 1, 0, 0, 1, 1, '', '', '', 'Aspen信托集团寻求与中国公司合作', '干洗折扣鞋', '此为演示数据,不保证数据的真实性', 1.23, '0', '0', '', '', 0, 0, '', '', 'sample/offer/2/1.jpg', '', 1, unix_timestamp(now()), unix_timestamp(now())+2592000, 10, 1, '0', '0', 0, 0, 0, '', 1, '', NULL, 0, unix_timestamp(now()), unix_timestamp(now()));
INSERT INTO `pb_trades` (`id`, `type_id`, `industry_id`, `country_id`, `area_id`, `member_id`, `company_id`, `cache_username`, `cache_companyname`, `cache_contacts`, `title`, `adwords`, `content`, `price`, `measuring_unit`, `monetary_unit`, `packing`, `quantity`, `display_order`, `display_expiration`, `spec`, `sn`, `picture`, `picture_remote`, `status`, `submit_time`, `expire_time`, `expire_days`, `if_commend`, `if_urgent`, `if_locked`, `require_point`, `require_membertype`, `require_freedate`, `ip_addr`, `clicked`, `tag_ids`, `formattribute_ids`, `highlight`, `created`, `modified`) VALUES(16, 2, 1, 0, 0, 1, 1, '', '', '', '寻找蜂蜜购买商', '包韩服童装', '此为演示数据,不保证数据的真实性', 1.23, '0', '0', '', '', 0, 0, '', '', 'sample/offer/2/2.jpg', '', 1, unix_timestamp(now()), unix_timestamp(now())+2592000, 10, 1, '0', '0', 0, 0, 0, '', 1, '', NULL, 0, unix_timestamp(now()), unix_timestamp(now()));
INSERT INTO `pb_trades` (`id`, `type_id`, `industry_id`, `country_id`, `area_id`, `member_id`, `company_id`, `cache_username`, `cache_companyname`, `cache_contacts`, `title`, `adwords`, `content`, `price`, `measuring_unit`, `monetary_unit`, `packing`, `quantity`, `display_order`, `display_expiration`, `spec`, `sn`, `picture`, `picture_remote`, `status`, `submit_time`, `expire_time`, `expire_days`, `if_commend`, `if_urgent`, `if_locked`, `require_point`, `require_membertype`, `require_freedate`, `ip_addr`, `clicked`, `tag_ids`, `formattribute_ids`, `highlight`, `created`, `modified`) VALUES(17, 2, 1, 0, 0, 1, 1, '', '', '', '克罗地亚游艇公司欲向中国出售游艇', '女装休闲服', '此为演示数据,不保证数据的真实性', 1.23, '0', '0', '', '', 0, 0, '', '', 'sample/offer/2/3.jpg', '', 1, unix_timestamp(now()), unix_timestamp(now())+2592000, 10, 1, '0', '0', 0, 0, 0, '', 2, '', NULL, 0, unix_timestamp(now()), unix_timestamp(now()));
INSERT INTO `pb_trades` (`id`, `type_id`, `industry_id`, `country_id`, `area_id`, `member_id`, `company_id`, `cache_username`, `cache_companyname`, `cache_contacts`, `title`, `adwords`, `content`, `price`, `measuring_unit`, `monetary_unit`, `packing`, `quantity`, `display_order`, `display_expiration`, `spec`, `sn`, `picture`, `picture_remote`, `status`, `submit_time`, `expire_time`, `expire_days`, `if_commend`, `if_urgent`, `if_locked`, `require_point`, `require_membertype`, `require_freedate`, `ip_addr`, `clicked`, `tag_ids`, `formattribute_ids`, `highlight`, `created`, `modified`) VALUES(18, 2, 1, 0, 0, 1, 13, '', '', '', '以色列蔬果及农产品公司寻求国内买家', '建材机械', '此为演示数据,不保证数据的真实性', 1.23, '0', '0', '', '', 0, 0, '', '', 'sample/offer/2/4.jpg', '', 1, unix_timestamp(now()), unix_timestamp(now())+2592000, 10, 1, '0', '0', 0, 0, 0, '', 1, '', NULL, 0, unix_timestamp(now()), unix_timestamp(now()));
INSERT INTO `pb_trades` (`id`, `type_id`, `industry_id`, `country_id`, `area_id`, `member_id`, `company_id`, `cache_username`, `cache_companyname`, `cache_contacts`, `title`, `adwords`, `content`, `price`, `measuring_unit`, `monetary_unit`, `packing`, `quantity`, `display_order`, `display_expiration`, `spec`, `sn`, `picture`, `picture_remote`, `status`, `submit_time`, `expire_time`, `expire_days`, `if_commend`, `if_urgent`, `if_locked`, `require_point`, `require_membertype`, `require_freedate`, `ip_addr`, `clicked`, `tag_ids`, `formattribute_ids`, `highlight`, `created`, `modified`) VALUES(19, 2, 1, 0, 0, 1, 1, '', '', '', '科一可可加工公司寻求中国购买商', '洗车养殖', '此为演示数据,不保证数据的真实性', 1.23, '0', '0', '', '', 0, 0, '', '', 'sample/offer/2/5.jpg', '', 1, unix_timestamp(now()), unix_timestamp(now())+2592000, 10, 1, '0', '0', 0, 0, 0, '', 1, '', NULL, 0, unix_timestamp(now()), unix_timestamp(now()));
INSERT INTO `pb_trades` (`id`, `type_id`, `industry_id`, `country_id`, `area_id`, `member_id`, `company_id`, `cache_username`, `cache_companyname`, `cache_contacts`, `title`, `adwords`, `content`, `price`, `measuring_unit`, `monetary_unit`, `packing`, `quantity`, `display_order`, `display_expiration`, `spec`, `sn`, `picture`, `picture_remote`, `status`, `submit_time`, `expire_time`, `expire_days`, `if_commend`, `if_urgent`, `if_locked`, `require_point`, `require_membertype`, `require_freedate`, `ip_addr`, `clicked`, `tag_ids`, `formattribute_ids`, `highlight`, `created`, `modified`) VALUES(20, 2, 1, 0, 0, 1, 1, '', '', '', '爱尔兰ECOBUILD展览', '灯箱围栏', '此为演示数据,不保证数据的真实性', 1.23, '0', '0', '', '', 0, 0, '', '', 'sample/offer/2/6.jpg', '', 1, unix_timestamp(now()), unix_timestamp(now())+2592000, 10, 1, '0', '0', 0, 0, 0, '', 1, '', NULL, 0, unix_timestamp(now()), unix_timestamp(now()));
INSERT INTO `pb_trades` (`id`, `type_id`, `industry_id`, `country_id`, `area_id`, `member_id`, `company_id`, `cache_username`, `cache_companyname`, `cache_contacts`, `title`, `adwords`, `content`, `price`, `measuring_unit`, `monetary_unit`, `packing`, `quantity`, `display_order`, `display_expiration`, `spec`, `sn`, `picture`, `picture_remote`, `status`, `submit_time`, `expire_time`, `expire_days`, `if_commend`, `if_urgent`, `if_locked`, `require_point`, `require_membertype`, `require_freedate`, `ip_addr`, `clicked`, `tag_ids`, `formattribute_ids`, `highlight`, `created`, `modified`) VALUES(21, 2, 1, 0, 0, 1, 1, '', '', '', '供应台湾优种果苗', '布艺', '此为演示数据,不保证数据的真实性', 1.23, '0', '0', '', '', 0, 0, '', '', 'sample/offer/2/7.jpg', '', 1, unix_timestamp(now()), unix_timestamp(now())+2592000, 10, 1, '0', '0', 0, 0, 0, '', 1, '', NULL, 0, unix_timestamp(now()), unix_timestamp(now()));
INSERT INTO `pb_trades` (`id`, `type_id`, `industry_id`, `country_id`, `area_id`, `member_id`, `company_id`, `cache_username`, `cache_companyname`, `cache_contacts`, `title`, `adwords`, `content`, `price`, `measuring_unit`, `monetary_unit`, `packing`, `quantity`, `display_order`, `display_expiration`, `spec`, `sn`, `picture`, `picture_remote`, `status`, `submit_time`, `expire_time`, `expire_days`, `if_commend`, `if_urgent`, `if_locked`, `require_point`, `require_membertype`, `require_freedate`, `ip_addr`, `clicked`, `tag_ids`, `formattribute_ids`, `highlight`, `created`, `modified`) VALUES(22, 2, 1, 0, 0, 1, 1, '', '', '', '供应7元整款T恤库存服装批发', '创业全', '此为演示数据,不保证数据的真实性', 1.23, '0', '0', '', '', 0, 0, '', '', 'sample/offer/2/8.jpg', '', 1, unix_timestamp(now()), unix_timestamp(now())+2592000, 10, 1, '0', '0', 0, 0, 0, '', 3, '', NULL, 0, unix_timestamp(now()), unix_timestamp(now()));
INSERT INTO `pb_trades` (`id`, `type_id`, `industry_id`, `country_id`, `area_id`, `member_id`, `company_id`, `cache_username`, `cache_companyname`, `cache_contacts`, `title`, `adwords`, `content`, `price`, `measuring_unit`, `monetary_unit`, `packing`, `quantity`, `display_order`, `display_expiration`, `spec`, `sn`, `picture`, `picture_remote`, `status`, `submit_time`, `expire_time`, `expire_days`, `if_commend`, `if_urgent`, `if_locked`, `require_point`, `require_membertype`, `require_freedate`, `ip_addr`, `clicked`, `tag_ids`, `formattribute_ids`, `highlight`, `created`, `modified`) VALUES(23, 2, 1, 0, 0, 1, 1, '', '', '', 'Promotional Wooden Comb ', '景画节', '此为演示数据,不保证数据的真实性', 1.23, '0', '0', '', '', 0, 0, '', '', 'sample/offer/2/9.jpg', '', 1, unix_timestamp(now()), unix_timestamp(now())+2592000, 10, 1, '0', '0', 0, 0, 0, '', 1, '', NULL, 0, unix_timestamp(now()), unix_timestamp(now()));
INSERT INTO `pb_trades` (`id`, `type_id`, `industry_id`, `country_id`, `area_id`, `member_id`, `company_id`, `cache_username`, `cache_companyname`, `cache_contacts`, `title`, `adwords`, `content`, `price`, `measuring_unit`, `monetary_unit`, `packing`, `quantity`, `display_order`, `display_expiration`, `spec`, `sn`, `picture`, `picture_remote`, `status`, `submit_time`, `expire_time`, `expire_days`, `if_commend`, `if_urgent`, `if_locked`, `require_point`, `require_membertype`, `require_freedate`, `ip_addr`, `clicked`, `tag_ids`, `formattribute_ids`, `highlight`, `created`, `modified`) VALUES(24, 2, 1, 0, 0, 1, 1, '', '', '', 'Sell Aida Arm Chairs ', '能环保鞋套', '此为演示数据,不保证数据的真实性', 1.23, '0', '0', '', '', 0, 0, '', '', 'sample/offer/2/10.jpg', '', 1, unix_timestamp(now()), unix_timestamp(now())+2592000, 10, 1, '0', '0', 0, 0, 0, '', 2, '', NULL, 0, unix_timestamp(now()), unix_timestamp(now()));
INSERT INTO `pb_trades` (`id`, `type_id`, `industry_id`, `country_id`, `area_id`, `member_id`, `company_id`, `cache_username`, `cache_companyname`, `cache_contacts`, `title`, `adwords`, `content`, `price`, `measuring_unit`, `monetary_unit`, `packing`, `quantity`, `display_order`, `display_expiration`, `spec`, `sn`, `picture`, `picture_remote`, `status`, `submit_time`, `expire_time`, `expire_days`, `if_commend`, `if_urgent`, `if_locked`, `require_point`, `require_membertype`, `require_freedate`, `ip_addr`, `clicked`, `tag_ids`, `formattribute_ids`, `highlight`, `created`, `modified`) VALUES(25, 2, 2, 0, 0, 1, 1, '', '', '', 'Vacuum Dehydrator For Emulsified', '机涂料', '此为演示数据,不保证数据的真实性', 1.23, '0', '0', '', '', 0, 0, '', '', 'sample/offer/2/11.jpg', '', 1, unix_timestamp(now()), unix_timestamp(now())+2592000, 10, 1, '0', '0', 0, 0, 0, '', 2, '', NULL, 0, unix_timestamp(now()), unix_timestamp(now()));
INSERT INTO `pb_trades` (`id`, `type_id`, `industry_id`, `country_id`, `area_id`, `member_id`, `company_id`, `cache_username`, `cache_companyname`, `cache_contacts`, `title`, `adwords`, `content`, `price`, `measuring_unit`, `monetary_unit`, `packing`, `quantity`, `display_order`, `display_expiration`, `spec`, `sn`, `picture`, `picture_remote`, `status`, `submit_time`, `expire_time`, `expire_days`, `if_commend`, `if_urgent`, `if_locked`, `require_point`, `require_membertype`, `require_freedate`, `ip_addr`, `clicked`, `tag_ids`, `formattribute_ids`, `highlight`, `created`, `modified`) VALUES(26, 2, 2, 0, 0, 1, 1, '', '', '', 'Samsung Cartridge Chips ', '餐饮小吃', '此为演示数据,不保证数据的真实性', 1.23, '0', '0', '', '', 0, 0, '', '', 'sample/offer/2/12.jpg', '', 1, unix_timestamp(now()), unix_timestamp(now())+2592000, 10, 1, '0', '0', 0, 0, 0, '', 2, '', NULL, 0, unix_timestamp(now()), unix_timestamp(now()));
INSERT INTO `pb_trades` (`id`, `type_id`, `industry_id`, `country_id`, `area_id`, `member_id`, `company_id`, `cache_username`, `cache_companyname`, `cache_contacts`, `title`, `adwords`, `content`, `price`, `measuring_unit`, `monetary_unit`, `packing`, `quantity`, `display_order`, `display_expiration`, `spec`, `sn`, `picture`, `picture_remote`, `status`, `submit_time`, `expire_time`, `expire_days`, `if_commend`, `if_urgent`, `if_locked`, `require_point`, `require_membertype`, `require_freedate`, `ip_addr`, `clicked`, `tag_ids`, `formattribute_ids`, `highlight`, `created`, `modified`) VALUES(27, 2, 2, 3, 0, 1, 1, '', '', '', 'Sell Polarized Lens', '美食速食', '此为演示数据,不保证数据的真实性', 1.23, '0', '0', '', '', 0, 0, '', '', 'sample/offer/2/13.jpg', '', 1, unix_timestamp(now()), unix_timestamp(now())+2592000, 10, 1, '0', '0', 0, 0, 0, '', 1, '', NULL, 0, unix_timestamp(now()), unix_timestamp(now()));
INSERT INTO `pb_trades` (`id`, `type_id`, `industry_id`, `country_id`, `area_id`, `member_id`, `company_id`, `cache_username`, `cache_companyname`, `cache_contacts`, `title`, `adwords`, `content`, `price`, `measuring_unit`, `monetary_unit`, `packing`, `quantity`, `display_order`, `display_expiration`, `spec`, `sn`, `picture`, `picture_remote`, `status`, `submit_time`, `expire_time`, `expire_days`, `if_commend`, `if_urgent`, `if_locked`, `require_point`, `require_membertype`, `require_freedate`, `ip_addr`, `clicked`, `tag_ids`, `formattribute_ids`, `highlight`, `created`, `modified`) VALUES(28, 2, 2, 3, 0, 1, 1, '', '', '', 'Buy Cattle Fence From', '快餐火锅', '此为演示数据,不保证数据的真实性', 1.23, '0', '0', '', '', 0, 0, '', '', 'sample/offer/2/14.jpg', '', 1, unix_timestamp(now()), unix_timestamp(now())+2592000, 10, 1, '0', '0', 0, 0, 0, '', 7, '', NULL, 0, unix_timestamp(now()), unix_timestamp(now()));
INSERT INTO `pb_trades` (`id`, `type_id`, `industry_id`, `country_id`, `area_id`, `member_id`, `company_id`, `cache_username`, `cache_companyname`, `cache_contacts`, `title`, `adwords`, `content`, `price`, `measuring_unit`, `monetary_unit`, `packing`, `quantity`, `display_order`, `display_expiration`, `spec`, `sn`, `picture`, `picture_remote`, `status`, `submit_time`, `expire_time`, `expire_days`, `if_commend`, `if_urgent`, `if_locked`, `require_point`, `require_membertype`, `require_freedate`, `ip_addr`, `clicked`, `tag_ids`, `formattribute_ids`, `highlight`, `created`, `modified`) VALUES(29, 6, 1, 1, 3, 1, 1, '', '', '', '知名品牌创业首选', '知名品牌创业首选', '此为演示数据,不保证数据的真实性', 1.23, '0', '0', '', '', 0, 0, '', '', 'sample/offer/1/1.jpg', '', 1, unix_timestamp(now()), unix_timestamp(now())+2592000, 10, 1, '0', '0', 0, 0, 0, '', 9, '3,4', '5,6,7,8,9,10', 0, unix_timestamp(now()), unix_timestamp(now()));
INSERT INTO `pb_trades` (`id`, `type_id`, `industry_id`, `country_id`, `area_id`, `member_id`, `company_id`, `cache_username`, `cache_companyname`, `cache_contacts`, `title`, `adwords`, `content`, `price`, `measuring_unit`, `monetary_unit`, `packing`, `quantity`, `display_order`, `display_expiration`, `spec`, `sn`, `picture`, `picture_remote`, `status`, `submit_time`, `expire_time`, `expire_days`, `if_commend`, `if_urgent`, `if_locked`, `require_point`, `require_membertype`, `require_freedate`, `ip_addr`, `clicked`, `tag_ids`, `formattribute_ids`, `highlight`, `created`, `modified`) VALUES(70, 4, 3, 2, 1, 1, 1, '', '', '', '大量供应孔明灯 全国批发', '', '此为演示数据,不保证数据的真实性', 1.23, '0', '0', '', '', 0, 0, '', '', 'sample/offer/2/12.jpg', '', 0, unix_timestamp(now()), unix_timestamp(now())+2592000, 10, 0, '0', '0', 0, 0, 0, '', 1, '', NULL, 0, unix_timestamp(now()), unix_timestamp(now()));
INSERT INTO `pb_trades` (`id`, `type_id`, `industry_id`, `country_id`, `area_id`, `member_id`, `company_id`, `cache_username`, `cache_companyname`, `cache_contacts`, `title`, `adwords`, `content`, `price`, `measuring_unit`, `monetary_unit`, `packing`, `quantity`, `display_order`, `display_expiration`, `spec`, `sn`, `picture`, `picture_remote`, `status`, `submit_time`, `expire_time`, `expire_days`, `if_commend`, `if_urgent`, `if_locked`, `require_point`, `require_membertype`, `require_freedate`, `ip_addr`, `clicked`, `tag_ids`, `formattribute_ids`, `highlight`, `created`, `modified`) VALUES(71, 4, 3, 2, 1, 1, 1, '', '', '', 'GPS导航仪全国批发', '', '此为演示数据,不保证数据的真实性', 1.23, '0', '0', '', '', 0, 0, '', '', 'sample/offer/2/13.jpg', '', 0, unix_timestamp(now()), unix_timestamp(now())+2592000, 10, 0, '0', '0', 0, 0, 0, '', 1, '', NULL, 0, unix_timestamp(now()), unix_timestamp(now()));
INSERT INTO `pb_trades` (`id`, `type_id`, `industry_id`, `country_id`, `area_id`, `member_id`, `company_id`, `cache_username`, `cache_companyname`, `cache_contacts`, `title`, `adwords`, `content`, `price`, `measuring_unit`, `monetary_unit`, `packing`, `quantity`, `display_order`, `display_expiration`, `spec`, `sn`, `picture`, `picture_remote`, `status`, `submit_time`, `expire_time`, `expire_days`, `if_commend`, `if_urgent`, `if_locked`, `require_point`, `require_membertype`, `require_freedate`, `ip_addr`, `clicked`, `tag_ids`, `formattribute_ids`, `highlight`, `created`, `modified`) VALUES(30, 6, 1, 1, 3, 1, 1, '', '', '', '铁锅门香辣馆加盟', '铁锅门香辣馆加盟', '此为演示数据,不保证数据的真实性', 1.23, '0', '0', '', '', 0, 0, '', '', 'sample/offer/1/2.jpg', '', 1, unix_timestamp(now()), unix_timestamp(now())+2592000, 10, 1, '0', '0', 0, 0, 0, '', 2, '', NULL, 0, unix_timestamp(now()), unix_timestamp(now()));
INSERT INTO `pb_trades` (`id`, `type_id`, `industry_id`, `country_id`, `area_id`, `member_id`, `company_id`, `cache_username`, `cache_companyname`, `cache_contacts`, `title`, `adwords`, `content`, `price`, `measuring_unit`, `monetary_unit`, `packing`, `quantity`, `display_order`, `display_expiration`, `spec`, `sn`, `picture`, `picture_remote`, `status`, `submit_time`, `expire_time`, `expire_days`, `if_commend`, `if_urgent`, `if_locked`, `require_point`, `require_membertype`, `require_freedate`, `ip_addr`, `clicked`, `tag_ids`, `formattribute_ids`, `highlight`, `created`, `modified`) VALUES(31, 6, 1, 1, 3, 1, 1, '', '', '', '翰源艺品诚邀加', '翰源艺品诚邀加', '此为演示数据,不保证数据的真实性', 1.23, '0', '0', '', '', 0, 0, '', '', 'sample/offer/1/3.jpg', '', 1, unix_timestamp(now()), unix_timestamp(now())+2592000, 10, 1, '0', '0', 0, 0, 0, '', 1, '', NULL, 51, unix_timestamp(now()), unix_timestamp(now()));
INSERT INTO `pb_trades` (`id`, `type_id`, `industry_id`, `country_id`, `area_id`, `member_id`, `company_id`, `cache_username`, `cache_companyname`, `cache_contacts`, `title`, `adwords`, `content`, `price`, `measuring_unit`, `monetary_unit`, `packing`, `quantity`, `display_order`, `display_expiration`, `spec`, `sn`, `picture`, `picture_remote`, `status`, `submit_time`, `expire_time`, `expire_days`, `if_commend`, `if_urgent`, `if_locked`, `require_point`, `require_membertype`, `require_freedate`, `ip_addr`, `clicked`, `tag_ids`, `formattribute_ids`, `highlight`, `created`, `modified`) VALUES(32, 6, 1, 1, 3, 1, 1, '', '', '', '龙门鱼府火锅加盟', '龙门鱼府火锅加盟', '此为演示数据,不保证数据的真实性', 1.23, '0', '0', '', '', 0, 0, '', '', 'sample/offer/1/4.jpg', '', 1, unix_timestamp(now()), unix_timestamp(now())+2592000, 10, 1, '0', '0', 0, 0, 0, '', 2, '', NULL, 0, unix_timestamp(now()), unix_timestamp(now()));
INSERT INTO `pb_trades` (`id`, `type_id`, `industry_id`, `country_id`, `area_id`, `member_id`, `company_id`, `cache_username`, `cache_companyname`, `cache_contacts`, `title`, `adwords`, `content`, `price`, `measuring_unit`, `monetary_unit`, `packing`, `quantity`, `display_order`, `display_expiration`, `spec`, `sn`, `picture`, `picture_remote`, `status`, `submit_time`, `expire_time`, `expire_days`, `if_commend`, `if_urgent`, `if_locked`, `require_point`, `require_membertype`, `require_freedate`, `ip_addr`, `clicked`, `tag_ids`, `formattribute_ids`, `highlight`, `created`, `modified`) VALUES(33, 6, 2, 1, 3, 1, 1, '', '', '', '乐而美快餐加盟中', '乐而美快餐加盟中', '此为演示数据,不保证数据的真实性', 1.23, '0', '0', '', '', 0, 0, '', '', 'sample/offer/1/5.jpg', '', 1, unix_timestamp(now()), unix_timestamp(now())+2592000, 10, 1, '0', '0', 0, 0, 0, '', 1, '', NULL, 46, unix_timestamp(now()), unix_timestamp(now()));
INSERT INTO `pb_trades` (`id`, `type_id`, `industry_id`, `country_id`, `area_id`, `member_id`, `company_id`, `cache_username`, `cache_companyname`, `cache_contacts`, `title`, `adwords`, `content`, `price`, `measuring_unit`, `monetary_unit`, `packing`, `quantity`, `display_order`, `display_expiration`, `spec`, `sn`, `picture`, `picture_remote`, `status`, `submit_time`, `expire_time`, `expire_days`, `if_commend`, `if_urgent`, `if_locked`, `require_point`, `require_membertype`, `require_freedate`, `ip_addr`, `clicked`, `tag_ids`, `formattribute_ids`, `highlight`, `created`, `modified`) VALUES(34, 6, 2, 1, 2, 1, 1, '', '', '', '夜时尚台球加盟中', '夜时尚台球加盟中', '此为演示数据,不保证数据的真实性', 1.23, '0', '0', '', '', 0, 0, '', '', 'sample/offer/1/6.jpg', '', 1, unix_timestamp(now()), unix_timestamp(now())+2592000, 10, 1, '0', '0', 0, 0, 0, '', 1, '', NULL, 0, unix_timestamp(now()), unix_timestamp(now()));
INSERT INTO `pb_trades` (`id`, `type_id`, `industry_id`, `country_id`, `area_id`, `member_id`, `company_id`, `cache_username`, `cache_companyname`, `cache_contacts`, `title`, `adwords`, `content`, `price`, `measuring_unit`, `monetary_unit`, `packing`, `quantity`, `display_order`, `display_expiration`, `spec`, `sn`, `picture`, `picture_remote`, `status`, `submit_time`, `expire_time`, `expire_days`, `if_commend`, `if_urgent`, `if_locked`, `require_point`, `require_membertype`, `require_freedate`, `ip_addr`, `clicked`, `tag_ids`, `formattribute_ids`, `highlight`, `created`, `modified`) VALUES(35, 6, 2, 1, 2, 1, 1, '', '', '', '美滋美快餐加盟中', '美滋美快餐加盟中', '此为演示数据,不保证数据的真实性', 1.23, '0', '0', '', '', 0, 0, '', '', 'sample/offer/1/7.jpg', '', 1, unix_timestamp(now()), unix_timestamp(now())+2592000, 10, 1, '0', '0', 0, 0, 0, '', 2, '', NULL, 0, unix_timestamp(now()), unix_timestamp(now()));
INSERT INTO `pb_trades` (`id`, `type_id`, `industry_id`, `country_id`, `area_id`, `member_id`, `company_id`, `cache_username`, `cache_companyname`, `cache_contacts`, `title`, `adwords`, `content`, `price`, `measuring_unit`, `monetary_unit`, `packing`, `quantity`, `display_order`, `display_expiration`, `spec`, `sn`, `picture`, `picture_remote`, `status`, `submit_time`, `expire_time`, `expire_days`, `if_commend`, `if_urgent`, `if_locked`, `require_point`, `require_membertype`, `require_freedate`, `ip_addr`, `clicked`, `tag_ids`, `formattribute_ids`, `highlight`, `created`, `modified`) VALUES(36, 6, 2, 1, 2, 1, 1, '', '', '', '美伊和田玉加盟中', '美伊和田玉加盟中', '此为演示数据,不保证数据的真实性', 1.23, '0', '0', '', '', 0, 0, '', '', 'sample/offer/1/8.jpg', '', 1, unix_timestamp(now()), unix_timestamp(now())+2592000, 10, 1, '0', '0', 0, 0, 0, '', 1, '', NULL, 0, unix_timestamp(now()), unix_timestamp(now()));
INSERT INTO `pb_trades` (`id`, `type_id`, `industry_id`, `country_id`, `area_id`, `member_id`, `company_id`, `cache_username`, `cache_companyname`, `cache_contacts`, `title`, `adwords`, `content`, `price`, `measuring_unit`, `monetary_unit`, `packing`, `quantity`, `display_order`, `display_expiration`, `spec`, `sn`, `picture`, `picture_remote`, `status`, `submit_time`, `expire_time`, `expire_days`, `if_commend`, `if_urgent`, `if_locked`, `require_point`, `require_membertype`, `require_freedate`, `ip_addr`, `clicked`, `tag_ids`, `formattribute_ids`, `highlight`, `created`, `modified`) VALUES(37, 6, 3, 1, 2, 1, 1, '', '', '', '奶茶博士饮品全国加盟', '奶茶博士饮品全国加盟', '此为演示数据,不保证数据的真实性', 1.23, '0', '0', '', '', 0, 0, '', '', 'sample/offer/1/9.jpg', '', 1, 0, 0, 10, 1, '0', '0', 0, 0, 0, '', 2, '', NULL, 0, unix_timestamp(now()), unix_timestamp(now()));
INSERT INTO `pb_trades` (`id`, `type_id`, `industry_id`, `country_id`, `area_id`, `member_id`, `company_id`, `cache_username`, `cache_companyname`, `cache_contacts`, `title`, `adwords`, `content`, `price`, `measuring_unit`, `monetary_unit`, `packing`, `quantity`, `display_order`, `display_expiration`, `spec`, `sn`, `picture`, `picture_remote`, `status`, `submit_time`, `expire_time`, `expire_days`, `if_commend`, `if_urgent`, `if_locked`, `require_point`, `require_membertype`, `require_freedate`, `ip_addr`, `clicked`, `tag_ids`, `formattribute_ids`, `highlight`, `created`, `modified`) VALUES(38, 6, 3, 1, 1, 1, 1, '', '', '', '亨达鞋业火爆加盟', '亨达鞋业火爆加盟', '此为演示数据,不保证数据的真实性', 1.23, '0', '0', '', '', 0, 0, '', '', 'sample/offer/1/10.jpg', '', 1, 0, 0, 10, 1, '0', '0', 0, 0, 0, '', 1, '', NULL, 47, unix_timestamp(now()), unix_timestamp(now()));
INSERT INTO `pb_trades` (`id`, `type_id`, `industry_id`, `country_id`, `area_id`, `member_id`, `company_id`, `cache_username`, `cache_companyname`, `cache_contacts`, `title`, `adwords`, `content`, `price`, `measuring_unit`, `monetary_unit`, `packing`, `quantity`, `display_order`, `display_expiration`, `spec`, `sn`, `picture`, `picture_remote`, `status`, `submit_time`, `expire_time`, `expire_days`, `if_commend`, `if_urgent`, `if_locked`, `require_point`, `require_membertype`, `require_freedate`, `ip_addr`, `clicked`, `tag_ids`, `formattribute_ids`, `highlight`, `created`, `modified`) VALUES(39, 6, 3, 1, 1, 1, 1, '', '', '', '咔咔仕小吃加盟中', '咔咔仕小吃加盟中', '此为演示数据,不保证数据的真实性', 1.23, '0', '0', '', '', 0, 0, '', '', 'sample/offer/1/11.jpg', '', 1, 0, 0, 10, 1, '0', '0', 0, 0, 0, '', 1, '', NULL, 0, unix_timestamp(now()), unix_timestamp(now()));
INSERT INTO `pb_trades` (`id`, `type_id`, `industry_id`, `country_id`, `area_id`, `member_id`, `company_id`, `cache_username`, `cache_companyname`, `cache_contacts`, `title`, `adwords`, `content`, `price`, `measuring_unit`, `monetary_unit`, `packing`, `quantity`, `display_order`, `display_expiration`, `spec`, `sn`, `picture`, `picture_remote`, `status`, `submit_time`, `expire_time`, `expire_days`, `if_commend`, `if_urgent`, `if_locked`, `require_point`, `require_membertype`, `require_freedate`, `ip_addr`, `clicked`, `tag_ids`, `formattribute_ids`, `highlight`, `created`, `modified`) VALUES(40, 6, 3, 1, 1, 1, 1, '', '', '', '欧可童装招商加盟', '欧可童装招商加盟', '此为演示数据,不保证数据的真实性', 1.23, '0', '0', '', '', 0, 0, '', '', 'sample/offer/1/12.jpg', '', 1, 0, 0, 10, 1, '0', '0', 0, 0, 0, '', 1, '', NULL, 47, unix_timestamp(now()), unix_timestamp(now()));
INSERT INTO `pb_trades` (`id`, `type_id`, `industry_id`, `country_id`, `area_id`, `member_id`, `company_id`, `cache_username`, `cache_companyname`, `cache_contacts`, `title`, `adwords`, `content`, `price`, `measuring_unit`, `monetary_unit`, `packing`, `quantity`, `display_order`, `display_expiration`, `spec`, `sn`, `picture`, `picture_remote`, `status`, `submit_time`, `expire_time`, `expire_days`, `if_commend`, `if_urgent`, `if_locked`, `require_point`, `require_membertype`, `require_freedate`, `ip_addr`, `clicked`, `tag_ids`, `formattribute_ids`, `highlight`, `created`, `modified`) VALUES(41, 6, 3, 1, 1, 1, 1, '', '', '', '鹭岩茗茶诚邀加盟', '鹭岩茗茶诚邀加盟', '此为演示数据,不保证数据的真实性', 1.23, '0', '0', '', '', 0, 0, '', '', 'sample/offer/1/13.jpg', '', 1, 0, 0, 10, 1, '0', '0', 0, 0, 0, '', 5, '', NULL, 47, unix_timestamp(now()), unix_timestamp(now()));
INSERT INTO `pb_trades` (`id`, `type_id`, `industry_id`, `country_id`, `area_id`, `member_id`, `company_id`, `cache_username`, `cache_companyname`, `cache_contacts`, `title`, `adwords`, `content`, `price`, `measuring_unit`, `monetary_unit`, `packing`, `quantity`, `display_order`, `display_expiration`, `spec`, `sn`, `picture`, `picture_remote`, `status`, `submit_time`, `expire_time`, `expire_days`, `if_commend`, `if_urgent`, `if_locked`, `require_point`, `require_membertype`, `require_freedate`, `ip_addr`, `clicked`, `tag_ids`, `formattribute_ids`, `highlight`, `created`, `modified`) VALUES(42, 4, 1, 1, 3, 1, 1, '', '', '', '童装牛仔裤批发', '', '此为演示数据,不保证数据的真实性', 1.23, '0', '0', '', '', 0, 0, '', '', 'sample/offer/2/1.jpg', '', 1, 0, 0, 10, 1, '0', '0', 0, 0, 0, '', 2, '', NULL, 0, unix_timestamp(now()), unix_timestamp(now()));
INSERT INTO `pb_trades` (`id`, `type_id`, `industry_id`, `country_id`, `area_id`, `member_id`, `company_id`, `cache_username`, `cache_companyname`, `cache_contacts`, `title`, `adwords`, `content`, `price`, `measuring_unit`, `monetary_unit`, `packing`, `quantity`, `display_order`, `display_expiration`, `spec`, `sn`, `picture`, `picture_remote`, `status`, `submit_time`, `expire_time`, `expire_days`, `if_commend`, `if_urgent`, `if_locked`, `require_point`, `require_membertype`, `require_freedate`, `ip_addr`, `clicked`, `tag_ids`, `formattribute_ids`, `highlight`, `created`, `modified`) VALUES(43, 4, 1, 1, 3, 1, 1, '', '', '', '韩板饰品 小额批发 ', '', '此为演示数据,不保证数据的真实性', 1.23, '0', '0', '', '', 0, 0, '', '', 'sample/offer/2/2.jpg', '', 1, 0, 0, 10, 1, '0', '0', 0, 0, 0, '', 1, '', NULL, 0, unix_timestamp(now()), unix_timestamp(now()));
INSERT INTO `pb_trades` (`id`, `type_id`, `industry_id`, `country_id`, `area_id`, `member_id`, `company_id`, `cache_username`, `cache_companyname`, `cache_contacts`, `title`, `adwords`, `content`, `price`, `measuring_unit`, `monetary_unit`, `packing`, `quantity`, `display_order`, `display_expiration`, `spec`, `sn`, `picture`, `picture_remote`, `status`, `submit_time`, `expire_time`, `expire_days`, `if_commend`, `if_urgent`, `if_locked`, `require_point`, `require_membertype`, `require_freedate`, `ip_addr`, `clicked`, `tag_ids`, `formattribute_ids`, `highlight`, `created`, `modified`) VALUES(44, 4, 1, 1, 3, 1, 1, '', '', '', '鑫福轩虎年好运系列批发 ', '', '此为演示数据,不保证数据的真实性', 1.23, '0', '0', '', '', 0, 0, '', '', 'sample/offer/2/3.jpg', '', 1, 0, 0, 10, 1, '0', '0', 0, 0, 0, '', 1, '', NULL, 0, unix_timestamp(now()), unix_timestamp(now()));
INSERT INTO `pb_trades` (`id`, `type_id`, `industry_id`, `country_id`, `area_id`, `member_id`, `company_id`, `cache_username`, `cache_companyname`, `cache_contacts`, `title`, `adwords`, `content`, `price`, `measuring_unit`, `monetary_unit`, `packing`, `quantity`, `display_order`, `display_expiration`, `spec`, `sn`, `picture`, `picture_remote`, `status`, `submit_time`, `expire_time`, `expire_days`, `if_commend`, `if_urgent`, `if_locked`, `require_point`, `require_membertype`, `require_freedate`, `ip_addr`, `clicked`, `tag_ids`, `formattribute_ids`, `highlight`, `created`, `modified`) VALUES(45, 4, 1, 1, 3, 1, 1, '', '', '', '品牌运动服 免费代理批发', '', '此为演示数据,不保证数据的真实性', 1.23, '0', '0', '', '', 0, 0, '', '', 'sample/offer/2/4.jpg', '', 1, 0, 0, 10, 1, '0', '0', 0, 0, 0, '', 1, '', NULL, 0, unix_timestamp(now()), unix_timestamp(now()));
INSERT INTO `pb_trades` (`id`, `type_id`, `industry_id`, `country_id`, `area_id`, `member_id`, `company_id`, `cache_username`, `cache_companyname`, `cache_contacts`, `title`, `adwords`, `content`, `price`, `measuring_unit`, `monetary_unit`, `packing`, `quantity`, `display_order`, `display_expiration`, `spec`, `sn`, `picture`, `picture_remote`, `status`, `submit_time`, `expire_time`, `expire_days`, `if_commend`, `if_urgent`, `if_locked`, `require_point`, `require_membertype`, `require_freedate`, `ip_addr`, `clicked`, `tag_ids`, `formattribute_ids`, `highlight`, `created`, `modified`) VALUES(46, 4, 2, 1, 2, 1, 1, '', '', '', '电磁加热主板批发', '', '此为演示数据,不保证数据的真实性', 1.23, '0', '0', '', '', 0, 0, '', '', 'sample/offer/2/5.jpg', '', 1, unix_timestamp(now()), unix_timestamp(now())+2592000, 10, 1, '0', '0', 0, 0, 0, '', 3, '', NULL, 0, unix_timestamp(now()), unix_timestamp(now()));
INSERT INTO `pb_trades` (`id`, `type_id`, `industry_id`, `country_id`, `area_id`, `member_id`, `company_id`, `cache_username`, `cache_companyname`, `cache_contacts`, `title`, `adwords`, `content`, `price`, `measuring_unit`, `monetary_unit`, `packing`, `quantity`, `display_order`, `display_expiration`, `spec`, `sn`, `picture`, `picture_remote`, `status`, `submit_time`, `expire_time`, `expire_days`, `if_commend`, `if_urgent`, `if_locked`, `require_point`, `require_membertype`, `require_freedate`, `ip_addr`, `clicked`, `tag_ids`, `formattribute_ids`, `highlight`, `created`, `modified`) VALUES(47, 4, 2, 1, 2, 1, 1, '', '', '', '超便携电脑 超低价批发', '', '此为演示数据,不保证数据的真实性', 1.23, '0', '0', '', '', 0, 0, '', '', 'sample/offer/2/6.jpg', '', 1, unix_timestamp(now()), unix_timestamp(now())+2592000, 10, 1, '0', '0', 0, 0, 0, '', 6, '', NULL, 47, unix_timestamp(now()), unix_timestamp(now()));
INSERT INTO `pb_trades` (`id`, `type_id`, `industry_id`, `country_id`, `area_id`, `member_id`, `company_id`, `cache_username`, `cache_companyname`, `cache_contacts`, `title`, `adwords`, `content`, `price`, `measuring_unit`, `monetary_unit`, `packing`, `quantity`, `display_order`, `display_expiration`, `spec`, `sn`, `picture`, `picture_remote`, `status`, `submit_time`, `expire_time`, `expire_days`, `if_commend`, `if_urgent`, `if_locked`, `require_point`, `require_membertype`, `require_freedate`, `ip_addr`, `clicked`, `tag_ids`, `formattribute_ids`, `highlight`, `created`, `modified`) VALUES(48, 4, 2, 1, 2, 1, 1, '', '', '', '丽妍堂排汗运动机 厂家批发', '', '此为演示数据,不保证数据的真实性', 1.23, '0', '0', '', '', 0, 0, '', '', 'sample/offer/2/7.jpg', '', 1, unix_timestamp(now()), unix_timestamp(now())+2592000, 10, 1, '0', '0', 0, 0, 0, '', 5, '', NULL, 6, unix_timestamp(now()), unix_timestamp(now()));
INSERT INTO `pb_trades` (`id`, `type_id`, `industry_id`, `country_id`, `area_id`, `member_id`, `company_id`, `cache_username`, `cache_companyname`, `cache_contacts`, `title`, `adwords`, `content`, `price`, `measuring_unit`, `monetary_unit`, `packing`, `quantity`, `display_order`, `display_expiration`, `spec`, `sn`, `picture`, `picture_remote`, `status`, `submit_time`, `expire_time`, `expire_days`, `if_commend`, `if_urgent`, `if_locked`, `require_point`, `require_membertype`, `require_freedate`, `ip_addr`, `clicked`, `tag_ids`, `formattribute_ids`, `highlight`, `created`, `modified`) VALUES(49, 4, 2, 1, 2, 1, 1, '', '', '', '欧美系列速生扬树苗批发', '', '此为演示数据,不保证数据的真实性', 1.23, '0', '0', '', '', 0, 0, '', '', 'sample/offer/2/8.jpg', '', 1, unix_timestamp(now()), unix_timestamp(now())+2592000, 10, 1, '0', '0', 0, 0, 0, '', 4, '', NULL, 0, unix_timestamp(now()), unix_timestamp(now()));
INSERT INTO `pb_trades` (`id`, `type_id`, `industry_id`, `country_id`, `area_id`, `member_id`, `company_id`, `cache_username`, `cache_companyname`, `cache_contacts`, `title`, `adwords`, `content`, `price`, `measuring_unit`, `monetary_unit`, `packing`, `quantity`, `display_order`, `display_expiration`, `spec`, `sn`, `picture`, `picture_remote`, `status`, `submit_time`, `expire_time`, `expire_days`, `if_commend`, `if_urgent`, `if_locked`, `require_point`, `require_membertype`, `require_freedate`, `ip_addr`, `clicked`, `tag_ids`, `formattribute_ids`, `highlight`, `created`, `modified`) VALUES(50, 4, 3, 2, 1, 1, 1, '', '', '', '活动立柱锁 厂家批发', '', '此为演示数据,不保证数据的真实性', 1.23, '0', '0', '', '', 0, 0, '', '', 'sample/offer/2/9.jpg', '', 1, unix_timestamp(now()), unix_timestamp(now())+2592000, 10, 1, '0', '0', 0, 0, 0, '', 5, '', NULL, 51, unix_timestamp(now()), unix_timestamp(now()));
INSERT INTO `pb_trades` (`id`, `type_id`, `industry_id`, `country_id`, `area_id`, `member_id`, `company_id`, `cache_username`, `cache_companyname`, `cache_contacts`, `title`, `adwords`, `content`, `price`, `measuring_unit`, `monetary_unit`, `packing`, `quantity`, `display_order`, `display_expiration`, `spec`, `sn`, `picture`, `picture_remote`, `status`, `submit_time`, `expire_time`, `expire_days`, `if_commend`, `if_urgent`, `if_locked`, `require_point`, `require_membertype`, `require_freedate`, `ip_addr`, `clicked`, `tag_ids`, `formattribute_ids`, `highlight`, `created`, `modified`) VALUES(68, 4, 3, 2, 1, 1, 1, '', '', '', '充气电瓶车 游乐设备批发', '', '此为演示数据,不保证数据的真实性', 1.23, '0', '0', '', '', 0, 0, '', '', 'sample/offer/2/10.jpg', '', 0, unix_timestamp(now()), unix_timestamp(now())+2592000, 10, 0, '0', '0', 0, 0, 0, '', 1, '', NULL, 0, unix_timestamp(now()), unix_timestamp(now()));
INSERT INTO `pb_trades` (`id`, `type_id`, `industry_id`, `country_id`, `area_id`, `member_id`, `company_id`, `cache_username`, `cache_companyname`, `cache_contacts`, `title`, `adwords`, `content`, `price`, `measuring_unit`, `monetary_unit`, `packing`, `quantity`, `display_order`, `display_expiration`, `spec`, `sn`, `picture`, `picture_remote`, `status`, `submit_time`, `expire_time`, `expire_days`, `if_commend`, `if_urgent`, `if_locked`, `require_point`, `require_membertype`, `require_freedate`, `ip_addr`, `clicked`, `tag_ids`, `formattribute_ids`, `highlight`, `created`, `modified`) VALUES(69, 4, 3, 2, 1, 1, 1, '', '', '', '最低价全新轮胎批发', '', '此为演示数据,不保证数据的真实性', 1.23, '0', '0', '', '', 0, 0, '', '', 'sample/offer/2/11.jpg', '', 0, unix_timestamp(now()), unix_timestamp(now())+2592000, 10, 0, '0', '0', 0, 0, 0, '', 1, '', NULL, 0, unix_timestamp(now()), unix_timestamp(now()));

--
-- Table Datas `pb_tradetypes`
--

INSERT INTO `pb_tradetypes` (`id`, `parent_id`, `name`, `level`, `display_order`) VALUES(1, 0, '求购', 1, 0);
INSERT INTO `pb_tradetypes` (`id`, `parent_id`, `name`, `level`, `display_order`) VALUES(2, 0, '供应', 1, 0);
INSERT INTO `pb_tradetypes` (`id`, `parent_id`, `name`, `level`, `display_order`) VALUES(3, 0, '代理合作', 1, 0);
INSERT INTO `pb_tradetypes` (`id`, `parent_id`, `name`, `level`, `display_order`) VALUES(4, 3, '合作', 1, 0);
INSERT INTO `pb_tradetypes` (`id`, `parent_id`, `name`, `level`, `display_order`) VALUES(5, 0, '招商加盟', 1, 0);
INSERT INTO `pb_tradetypes` (`id`, `parent_id`, `name`, `level`, `display_order`) VALUES(6, 5, '加盟', 1, 0);
INSERT INTO `pb_tradetypes` (`id`, `parent_id`, `name`, `level`, `display_order`) VALUES(7, 0, '库存批发', 1, 0);
INSERT INTO `pb_tradetypes` (`id`, `parent_id`, `name`, `level`, `display_order`) VALUES(8, 7, '库存', 1, 0);
INSERT INTO `pb_tradetypes` (`id`, `parent_id`, `name`, `level`, `display_order`) VALUES(9, 1, '国内求购', 2, 0);
INSERT INTO `pb_tradetypes` (`id`, `parent_id`, `name`, `level`, `display_order`) VALUES(10, 1, '国外求购', 2, 0);
INSERT INTO `pb_tradetypes` (`id`, `parent_id`, `name`, `level`, `display_order`) VALUES(11, 7, '批发', 2, 0);
INSERT INTO `pb_tradetypes` (`id`, `parent_id`, `name`, `level`, `display_order`) VALUES(12, 3, '代理', 2, 0);
INSERT INTO `pb_tradetypes` (`id`, `parent_id`, `name`, `level`, `display_order`) VALUES(13, 5, '招商', 2, 0);

--
-- Table Datas `pb_trusttypes`
--

INSERT INTO `pb_trusttypes` (`id`, `name`, `description`, `image`, `display_order`, `status`) VALUES(2, '企业资质认证', NULL, 'company.gif', 0, 1);
INSERT INTO `pb_trusttypes` (`id`, `name`, `description`, `image`, `display_order`, `status`) VALUES(1, '实名认证', NULL, 'truename.gif', 0, 1);

--
-- Table Datas `pb_typemodels`
--

INSERT INTO `pb_typemodels` (`id`, `title`, `type_name`) VALUES(1, '过期时间', 'offer_expire');
INSERT INTO `pb_typemodels` (`id`, `title`, `type_name`) VALUES(2, '公司类型', 'manage_type');
INSERT INTO `pb_typemodels` (`id`, `title`, `type_name`) VALUES(3, '主要市场', 'main_market');
INSERT INTO `pb_typemodels` (`id`, `title`, `type_name`) VALUES(4, '注册资金', 'reg_fund');
INSERT INTO `pb_typemodels` (`id`, `title`, `type_name`) VALUES(5, '年营业额', 'year_annual');
INSERT INTO `pb_typemodels` (`id`, `title`, `type_name`) VALUES(6, '经济类型', 'economic_type');
INSERT INTO `pb_typemodels` (`id`, `title`, `type_name`) VALUES(7, '审核状态', 'check_status');
INSERT INTO `pb_typemodels` (`id`, `title`, `type_name`) VALUES(8, '员工人数', 'employee_amount');
INSERT INTO `pb_typemodels` (`id`, `title`, `type_name`) VALUES(9, '状态', 'common_status');
INSERT INTO `pb_typemodels` (`id`, `title`, `type_name`) VALUES(10, '建议类型', 'service_type');
INSERT INTO `pb_typemodels` (`id`, `title`, `type_name`) VALUES(11, '教育经历', 'education');
INSERT INTO `pb_typemodels` (`id`, `title`, `type_name`) VALUES(12, '薪资水平', 'salary');
INSERT INTO `pb_typemodels` (`id`, `title`, `type_name`) VALUES(13, '工作性质', 'work_type');
INSERT INTO `pb_typemodels` (`id`, `title`, `type_name`) VALUES(14, '职位名称', 'position');
INSERT INTO `pb_typemodels` (`id`, `title`, `type_name`) VALUES(15, '性别', 'gender');
INSERT INTO `pb_typemodels` (`id`, `title`, `type_name`) VALUES(16, '电话类别', 'phone_type');
INSERT INTO `pb_typemodels` (`id`, `title`, `type_name`) VALUES(17, '即时通讯类别', 'im_type');
INSERT INTO `pb_typemodels` (`id`, `title`, `type_name`) VALUES(18, '选项', 'common_option');
INSERT INTO `pb_typemodels` (`id`, `title`, `type_name`) VALUES(19, '尊称', 'calls');
INSERT INTO `pb_typemodels` (`id`, `title`, `type_name`) VALUES(20, '计量单位', 'measuring');
INSERT INTO `pb_typemodels` (`id`, `title`, `type_name`) VALUES(21, '货币单位', 'monetary');
INSERT INTO `pb_typemodels` (`id`, `title`, `type_name`) VALUES(22, '报价类型', 'price_type');
INSERT INTO `pb_typemodels` (`id`, `title`, `type_name`) VALUES(23, '价格趋势', 'price_trends');

--
-- Table Datas `pb_typeoptions`
--

INSERT INTO `pb_typeoptions` (`id`, `typemodel_id`, `option_value`, `option_label`) VALUES(1, 1, '10', '10天');
INSERT INTO `pb_typeoptions` (`id`, `typemodel_id`, `option_value`, `option_label`) VALUES(2, 1, '30', '一个月');
INSERT INTO `pb_typeoptions` (`id`, `typemodel_id`, `option_value`, `option_label`) VALUES(3, 1, '90', '三个月');
INSERT INTO `pb_typeoptions` (`id`, `typemodel_id`, `option_value`, `option_label`) VALUES(4, 1, '180', '六个月');
INSERT INTO `pb_typeoptions` (`id`, `typemodel_id`, `option_value`, `option_label`) VALUES(5, 2, '1', '生产型');
INSERT INTO `pb_typeoptions` (`id`, `typemodel_id`, `option_value`, `option_label`) VALUES(6, 2, '2', '贸易型');
INSERT INTO `pb_typeoptions` (`id`, `typemodel_id`, `option_value`, `option_label`) VALUES(7, 2, '3', '服务型');
INSERT INTO `pb_typeoptions` (`id`, `typemodel_id`, `option_value`, `option_label`) VALUES(8, 2, '4', '政府或其他机构');
INSERT INTO `pb_typeoptions` (`id`, `typemodel_id`, `option_value`, `option_label`) VALUES(9, 3, '1', '大陆');
INSERT INTO `pb_typeoptions` (`id`, `typemodel_id`, `option_value`, `option_label`) VALUES(10, 3, '2', '港澳台');
INSERT INTO `pb_typeoptions` (`id`, `typemodel_id`, `option_value`, `option_label`) VALUES(11, 3, '3', '北美');
INSERT INTO `pb_typeoptions` (`id`, `typemodel_id`, `option_value`, `option_label`) VALUES(12, 3, '4', '南美');
INSERT INTO `pb_typeoptions` (`id`, `typemodel_id`, `option_value`, `option_label`) VALUES(13, 3, '5', '欧洲');
INSERT INTO `pb_typeoptions` (`id`, `typemodel_id`, `option_value`, `option_label`) VALUES(14, 3, '6', '亚洲');
INSERT INTO `pb_typeoptions` (`id`, `typemodel_id`, `option_value`, `option_label`) VALUES(15, 3, '7', '非洲');
INSERT INTO `pb_typeoptions` (`id`, `typemodel_id`, `option_value`, `option_label`) VALUES(16, 3, '8', '大洋洲');
INSERT INTO `pb_typeoptions` (`id`, `typemodel_id`, `option_value`, `option_label`) VALUES(17, 3, '9', '其他市场');
INSERT INTO `pb_typeoptions` (`id`, `typemodel_id`, `option_value`, `option_label`) VALUES(18, 4, '0', '不公开');
INSERT INTO `pb_typeoptions` (`id`, `typemodel_id`, `option_value`, `option_label`) VALUES(19, 4, '1', '人民币10万元以下');
INSERT INTO `pb_typeoptions` (`id`, `typemodel_id`, `option_value`, `option_label`) VALUES(20, 4, '2', '人民币10-30万');
INSERT INTO `pb_typeoptions` (`id`, `typemodel_id`, `option_value`, `option_label`) VALUES(21, 4, '3', '人民币30-50万');
INSERT INTO `pb_typeoptions` (`id`, `typemodel_id`, `option_value`, `option_label`) VALUES(22, 4, '4', '人民币50-100万');
INSERT INTO `pb_typeoptions` (`id`, `typemodel_id`, `option_value`, `option_label`) VALUES(23, 4, '5', '人民币100-300万');
INSERT INTO `pb_typeoptions` (`id`, `typemodel_id`, `option_value`, `option_label`) VALUES(24, 4, '6', '人民币300-500万');
INSERT INTO `pb_typeoptions` (`id`, `typemodel_id`, `option_value`, `option_label`) VALUES(25, 4, '7', '人民币500-1000万');
INSERT INTO `pb_typeoptions` (`id`, `typemodel_id`, `option_value`, `option_label`) VALUES(26, 4, '8', '人民币1000-5000万');
INSERT INTO `pb_typeoptions` (`id`, `typemodel_id`, `option_value`, `option_label`) VALUES(27, 4, '9', '人民币5000万以上');
INSERT INTO `pb_typeoptions` (`id`, `typemodel_id`, `option_value`, `option_label`) VALUES(28, 4, '10', '其他');
INSERT INTO `pb_typeoptions` (`id`, `typemodel_id`, `option_value`, `option_label`) VALUES(29, 5, '1', '人民币10万以下/年');
INSERT INTO `pb_typeoptions` (`id`, `typemodel_id`, `option_value`, `option_label`) VALUES(30, 5, '2', '人民币10-30万/年');
INSERT INTO `pb_typeoptions` (`id`, `typemodel_id`, `option_value`, `option_label`) VALUES(31, 5, '3', '人民币30-50万/年');
INSERT INTO `pb_typeoptions` (`id`, `typemodel_id`, `option_value`, `option_label`) VALUES(32, 5, '4', '人民币50-100万/年');
INSERT INTO `pb_typeoptions` (`id`, `typemodel_id`, `option_value`, `option_label`) VALUES(33, 5, '5', '人民币100-300万/年');
INSERT INTO `pb_typeoptions` (`id`, `typemodel_id`, `option_value`, `option_label`) VALUES(34, 5, '6', '人民币300-500万/年');
INSERT INTO `pb_typeoptions` (`id`, `typemodel_id`, `option_value`, `option_label`) VALUES(35, 5, '7', '人民币500-1000万/年');
INSERT INTO `pb_typeoptions` (`id`, `typemodel_id`, `option_value`, `option_label`) VALUES(36, 5, '8', '人民币1000-5000万/年');
INSERT INTO `pb_typeoptions` (`id`, `typemodel_id`, `option_value`, `option_label`) VALUES(37, 5, '9', '人民币5000万以上/年');
INSERT INTO `pb_typeoptions` (`id`, `typemodel_id`, `option_value`, `option_label`) VALUES(38, 5, '10', '其他');
INSERT INTO `pb_typeoptions` (`id`, `typemodel_id`, `option_value`, `option_label`) VALUES(39, 6, '1', '国有企业');
INSERT INTO `pb_typeoptions` (`id`, `typemodel_id`, `option_value`, `option_label`) VALUES(40, 6, '2', '集体企业');
INSERT INTO `pb_typeoptions` (`id`, `typemodel_id`, `option_value`, `option_label`) VALUES(41, 6, '3', '股份合作企业');
INSERT INTO `pb_typeoptions` (`id`, `typemodel_id`, `option_value`, `option_label`) VALUES(42, 6, '4', '联营企业');
INSERT INTO `pb_typeoptions` (`id`, `typemodel_id`, `option_value`, `option_label`) VALUES(43, 6, '5', '有限责任公司');
INSERT INTO `pb_typeoptions` (`id`, `typemodel_id`, `option_value`, `option_label`) VALUES(44, 6, '6', '股份有限公司');
INSERT INTO `pb_typeoptions` (`id`, `typemodel_id`, `option_value`, `option_label`) VALUES(45, 6, '7', '私营企业');
INSERT INTO `pb_typeoptions` (`id`, `typemodel_id`, `option_value`, `option_label`) VALUES(46, 6, '8', '个人独资企业');
INSERT INTO `pb_typeoptions` (`id`, `typemodel_id`, `option_value`, `option_label`) VALUES(47, 6, '9', '非盈利组织');
INSERT INTO `pb_typeoptions` (`id`, `typemodel_id`, `option_value`, `option_label`) VALUES(48, 6, '10', '其他');
INSERT INTO `pb_typeoptions` (`id`, `typemodel_id`, `option_value`, `option_label`) VALUES(49, 7, '0', '无效');
INSERT INTO `pb_typeoptions` (`id`, `typemodel_id`, `option_value`, `option_label`) VALUES(50, 7, '1', '有效');
INSERT INTO `pb_typeoptions` (`id`, `typemodel_id`, `option_value`, `option_label`) VALUES(51, 7, '2', '等待审核');
INSERT INTO `pb_typeoptions` (`id`, `typemodel_id`, `option_value`, `option_label`) VALUES(52, 7, '3', '审核不通过');
INSERT INTO `pb_typeoptions` (`id`, `typemodel_id`, `option_value`, `option_label`) VALUES(53, 8, '1', '5人以下');
INSERT INTO `pb_typeoptions` (`id`, `typemodel_id`, `option_value`, `option_label`) VALUES(54, 8, '2', '5-10人');
INSERT INTO `pb_typeoptions` (`id`, `typemodel_id`, `option_value`, `option_label`) VALUES(55, 8, '3', '11-50人');
INSERT INTO `pb_typeoptions` (`id`, `typemodel_id`, `option_value`, `option_label`) VALUES(56, 8, '4', '51-100人');
INSERT INTO `pb_typeoptions` (`id`, `typemodel_id`, `option_value`, `option_label`) VALUES(57, 8, '5', '101-500人');
INSERT INTO `pb_typeoptions` (`id`, `typemodel_id`, `option_value`, `option_label`) VALUES(58, 8, '6', '501-1000人');
INSERT INTO `pb_typeoptions` (`id`, `typemodel_id`, `option_value`, `option_label`) VALUES(59, 8, '7', '1000人以上');
INSERT INTO `pb_typeoptions` (`id`, `typemodel_id`, `option_value`, `option_label`) VALUES(60, 10, '1', '咨询');
INSERT INTO `pb_typeoptions` (`id`, `typemodel_id`, `option_value`, `option_label`) VALUES(61, 10, '2', '建议');
INSERT INTO `pb_typeoptions` (`id`, `typemodel_id`, `option_value`, `option_label`) VALUES(62, 10, '3', '投诉');
INSERT INTO `pb_typeoptions` (`id`, `typemodel_id`, `option_value`, `option_label`) VALUES(63, 11, '0', '其他');
INSERT INTO `pb_typeoptions` (`id`, `typemodel_id`, `option_value`, `option_label`) VALUES(64, 11, '-1', '不要求');
INSERT INTO `pb_typeoptions` (`id`, `typemodel_id`, `option_value`, `option_label`) VALUES(65, 11, '-2', '不限');
INSERT INTO `pb_typeoptions` (`id`, `typemodel_id`, `option_value`, `option_label`) VALUES(66, 11, '1', '博士');
INSERT INTO `pb_typeoptions` (`id`, `typemodel_id`, `option_value`, `option_label`) VALUES(67, 11, '2', '硕士');
INSERT INTO `pb_typeoptions` (`id`, `typemodel_id`, `option_value`, `option_label`) VALUES(68, 11, '3', '本科');
INSERT INTO `pb_typeoptions` (`id`, `typemodel_id`, `option_value`, `option_label`) VALUES(69, 11, '4', '大专');
INSERT INTO `pb_typeoptions` (`id`, `typemodel_id`, `option_value`, `option_label`) VALUES(70, 11, '5', '中专');
INSERT INTO `pb_typeoptions` (`id`, `typemodel_id`, `option_value`, `option_label`) VALUES(71, 11, '6', '技校');
INSERT INTO `pb_typeoptions` (`id`, `typemodel_id`, `option_value`, `option_label`) VALUES(72, 11, '7', '高中');
INSERT INTO `pb_typeoptions` (`id`, `typemodel_id`, `option_value`, `option_label`) VALUES(73, 11, '8', '初中');
INSERT INTO `pb_typeoptions` (`id`, `typemodel_id`, `option_value`, `option_label`) VALUES(74, 11, '9', '小学');
INSERT INTO `pb_typeoptions` (`id`, `typemodel_id`, `option_value`, `option_label`) VALUES(75, 12, '0', '不选择');
INSERT INTO `pb_typeoptions` (`id`, `typemodel_id`, `option_value`, `option_label`) VALUES(76, 12, '-1', '面议');
INSERT INTO `pb_typeoptions` (`id`, `typemodel_id`, `option_value`, `option_label`) VALUES(77, 12, '1', '1500以下');
INSERT INTO `pb_typeoptions` (`id`, `typemodel_id`, `option_value`, `option_label`) VALUES(78, 12, '2', '1500-1999元/月');
INSERT INTO `pb_typeoptions` (`id`, `typemodel_id`, `option_value`, `option_label`) VALUES(79, 12, '3', '2000-2999元/月');
INSERT INTO `pb_typeoptions` (`id`, `typemodel_id`, `option_value`, `option_label`) VALUES(80, 12, '4', '3000-4999元/月');
INSERT INTO `pb_typeoptions` (`id`, `typemodel_id`, `option_value`, `option_label`) VALUES(81, 12, '5', '5000以上');
INSERT INTO `pb_typeoptions` (`id`, `typemodel_id`, `option_value`, `option_label`) VALUES(82, 13, '0', '不选择');
INSERT INTO `pb_typeoptions` (`id`, `typemodel_id`, `option_value`, `option_label`) VALUES(83, 13, '1', '全职');
INSERT INTO `pb_typeoptions` (`id`, `typemodel_id`, `option_value`, `option_label`) VALUES(84, 13, '2', '兼职');
INSERT INTO `pb_typeoptions` (`id`, `typemodel_id`, `option_value`, `option_label`) VALUES(85, 13, '3', '临时');
INSERT INTO `pb_typeoptions` (`id`, `typemodel_id`, `option_value`, `option_label`) VALUES(86, 13, '4', '实习');
INSERT INTO `pb_typeoptions` (`id`, `typemodel_id`, `option_value`, `option_label`) VALUES(87, 13, '5', '其他');
INSERT INTO `pb_typeoptions` (`id`, `typemodel_id`, `option_value`, `option_label`) VALUES(88, 14, '0', '不选择');
INSERT INTO `pb_typeoptions` (`id`, `typemodel_id`, `option_value`, `option_label`) VALUES(89, 14, '1', '董事长、总裁及副职，企业主、企业合伙人，总经理/副总经理');
INSERT INTO `pb_typeoptions` (`id`, `typemodel_id`, `option_value`, `option_label`) VALUES(90, 14, '2', '行政部门经理/行政人员');
INSERT INTO `pb_typeoptions` (`id`, `typemodel_id`, `option_value`, `option_label`) VALUES(91, 14, '3', '技术部门经理/技术人员');
INSERT INTO `pb_typeoptions` (`id`, `typemodel_id`, `option_value`, `option_label`) VALUES(92, 14, '4', '生产部门经理/生产人员');
INSERT INTO `pb_typeoptions` (`id`, `typemodel_id`, `option_value`, `option_label`) VALUES(93, 14, '5', '市场部门经理/市场人员');
INSERT INTO `pb_typeoptions` (`id`, `typemodel_id`, `option_value`, `option_label`) VALUES(94, 14, '6', '采购部门经理/采购人员');
INSERT INTO `pb_typeoptions` (`id`, `typemodel_id`, `option_value`, `option_label`) VALUES(95, 14, '7', '销售部门经理/销售人员');
INSERT INTO `pb_typeoptions` (`id`, `typemodel_id`, `option_value`, `option_label`) VALUES(96, 14, '8', '其他');
INSERT INTO `pb_typeoptions` (`id`, `typemodel_id`, `option_value`, `option_label`) VALUES(97, 15, '0', '不选择');
INSERT INTO `pb_typeoptions` (`id`, `typemodel_id`, `option_value`, `option_label`) VALUES(98, 15, '1', '男');
INSERT INTO `pb_typeoptions` (`id`, `typemodel_id`, `option_value`, `option_label`) VALUES(99, 15, '2', '女');
INSERT INTO `pb_typeoptions` (`id`, `typemodel_id`, `option_value`, `option_label`) VALUES(100, 15, '-1', '不限');
INSERT INTO `pb_typeoptions` (`id`, `typemodel_id`, `option_value`, `option_label`) VALUES(101, 16, '1', '移动电话');
INSERT INTO `pb_typeoptions` (`id`, `typemodel_id`, `option_value`, `option_label`) VALUES(102, 16, '2', '住宅电话');
INSERT INTO `pb_typeoptions` (`id`, `typemodel_id`, `option_value`, `option_label`) VALUES(103, 16, '3', '商务电话');
INSERT INTO `pb_typeoptions` (`id`, `typemodel_id`, `option_value`, `option_label`) VALUES(104, 16, '4', '其他');
INSERT INTO `pb_typeoptions` (`id`, `typemodel_id`, `option_value`, `option_label`) VALUES(105, 17, '1', 'QQ');
INSERT INTO `pb_typeoptions` (`id`, `typemodel_id`, `option_value`, `option_label`) VALUES(106, 17, '2', 'ICQ');
INSERT INTO `pb_typeoptions` (`id`, `typemodel_id`, `option_value`, `option_label`) VALUES(107, 17, '3', 'MSN Messenger');
INSERT INTO `pb_typeoptions` (`id`, `typemodel_id`, `option_value`, `option_label`) VALUES(108, 17, '4', 'Yahoo Messenger');
INSERT INTO `pb_typeoptions` (`id`, `typemodel_id`, `option_value`, `option_label`) VALUES(109, 17, '5', 'Skype');
INSERT INTO `pb_typeoptions` (`id`, `typemodel_id`, `option_value`, `option_label`) VALUES(110, 17, '6', '其他');
INSERT INTO `pb_typeoptions` (`id`, `typemodel_id`, `option_value`, `option_label`) VALUES(111, 17, '0', '不选择');
INSERT INTO `pb_typeoptions` (`id`, `typemodel_id`, `option_value`, `option_label`) VALUES(112, 16, '0', '不选择');
INSERT INTO `pb_typeoptions` (`id`, `typemodel_id`, `option_value`, `option_label`) VALUES(113, 6, '0', '不选择');
INSERT INTO `pb_typeoptions` (`id`, `typemodel_id`, `option_value`, `option_label`) VALUES(114, 9, '0', '无效');
INSERT INTO `pb_typeoptions` (`id`, `typemodel_id`, `option_value`, `option_label`) VALUES(115, 9, '1', '有效');
INSERT INTO `pb_typeoptions` (`id`, `typemodel_id`, `option_value`, `option_label`) VALUES(116, 18, '0', '否');
INSERT INTO `pb_typeoptions` (`id`, `typemodel_id`, `option_value`, `option_label`) VALUES(117, 18, '1', '是');
INSERT INTO `pb_typeoptions` (`id`, `typemodel_id`, `option_value`, `option_label`) VALUES(118, 19, '1', '先生');
INSERT INTO `pb_typeoptions` (`id`, `typemodel_id`, `option_value`, `option_label`) VALUES(119, 19, '2', '女士');
INSERT INTO `pb_typeoptions` (`id`, `typemodel_id`, `option_value`, `option_label`) VALUES(120, 20, '1', '个');
INSERT INTO `pb_typeoptions` (`id`, `typemodel_id`, `option_value`, `option_label`) VALUES(121, 20, '2', '件');
INSERT INTO `pb_typeoptions` (`id`, `typemodel_id`, `option_value`, `option_label`) VALUES(122, 21, '1', '元');
INSERT INTO `pb_typeoptions` (`id`, `typemodel_id`, `option_value`, `option_label`) VALUES(123, 21, '3', '美元');
INSERT INTO `pb_typeoptions` (`id`, `typemodel_id`, `option_value`, `option_label`) VALUES(124, 22, '1', '买');
INSERT INTO `pb_typeoptions` (`id`, `typemodel_id`, `option_value`, `option_label`) VALUES(125, 22, '2', '卖');
INSERT INTO `pb_typeoptions` (`id`, `typemodel_id`, `option_value`, `option_label`) VALUES(126, 23, '1', '升');
INSERT INTO `pb_typeoptions` (`id`, `typemodel_id`, `option_value`, `option_label`) VALUES(127, 23, '2', '稳');
INSERT INTO `pb_typeoptions` (`id`, `typemodel_id`, `option_value`, `option_label`) VALUES(128, 23, '3', '降');
INSERT INTO `pb_typeoptions` (`id`, `typemodel_id`, `option_value`, `option_label`) VALUES(129, 23, '4', '不确定');
INSERT INTO `pb_typeoptions` (`id`, `typemodel_id`, `option_value`, `option_label`) VALUES(130, 21, '2', '万元');

--
-- Table Datas `pb_userpages`
--

INSERT INTO `pb_userpages` (`id`, `templet_name`, `name`, `title`, `digest`, `content`, `url`, `display_order`, `created`, `modified`) VALUES(1, '', 'aboutus', '关于我们', '', '关于网站的说明', '', 0, unix_timestamp(now()), unix_timestamp(now()));
INSERT INTO `pb_userpages` (`id`, `templet_name`, `name`, `title`, `digest`, `content`, `url`, `display_order`, `created`, `modified`) VALUES(2, '', 'contactus', '联系我们', '', '联系方式', '', 0, unix_timestamp(now()), unix_timestamp(now()));
INSERT INTO `pb_userpages` (`id`, `templet_name`, `name`, `title`, `digest`, `content`, `url`, `display_order`, `created`, `modified`) VALUES(4, '', 'sitemap', '网站地图', '', '网站站内地图', '', 0, unix_timestamp(now()), unix_timestamp(now()));
INSERT INTO `pb_userpages` (`id`, `templet_name`, `name`, `title`, `digest`, `content`, `url`, `display_order`, `created`, `modified`) VALUES(5, '', 'legal', '法律声明', '', '法律声明', '', 0, unix_timestamp(now()), 0);
INSERT INTO `pb_userpages` (`id`, `templet_name`, `name`, `title`, `digest`, `content`, `url`, `display_order`, `created`, `modified`) VALUES(6, '', 'friendlink', '友情链接', '', '申请友情链接', 'friendlink.php', 0, unix_timestamp(now()), 0);
INSERT INTO `pb_userpages` (`id`, `templet_name`, `name`, `title`, `digest`, `content`, `url`, `display_order`, `created`, `modified`) VALUES(7, '', 'help', '帮助中心', '', '帮助中心', 'help/', 0, unix_timestamp(now()), unix_timestamp(now()));
INSERT INTO `pb_userpages` (`id`, `templet_name`, `name`, `title`, `digest`, `content`, `url`, `display_order`, `created`, `modified`) VALUES(8, '', 'service', '意见投诉', '', '意见与建议、投诉', '', 0, unix_timestamp(now()), unix_timestamp(now()));
INSERT INTO `pb_userpages` (`id`, `templet_name`, `name`, `title`, `digest`, `content`, `url`, `display_order`, `created`, `modified`) VALUES(9, '', 'special', '分站专题', '', '行业或者地区分站', 'special/', 0, unix_timestamp(now()), unix_timestamp(now()));
INSERT INTO `pb_userpages` (`id`, `templet_name`, `name`, `title`, `digest`, `content`, `url`, `display_order`, `created`, `modified`) VALUES(10, '', 'wap', 'WAP', '手机版', '', 'wap/index.php', 0, unix_timestamp(now()), unix_timestamp(now()));