--
-- Table Datas `pb_adses`
--

INSERT INTO `pb_adses` (`id`, `adzone_id`, `title`, `description`, `is_image`, `source_name`, `source_type`, `source_url`, `target_url`, `width`, `height`, `alt_words`, `start_date`, `end_date`, `priority`, `clicked`, `target`, `seq`, `state`, `status`, `picture_replace`, `created`, `modified`) VALUES(1, 1, 'GIF', '示例廣告1', 1, '', 'image/gif', 'attachment/sample/default/blue.gif', '', 152, 52, '', 0, 0, 0, 1, '_blank', 0, 1, 1, '', unix_timestamp(now()), unix_timestamp(now()));
INSERT INTO `pb_adses` (`id`, `adzone_id`, `title`, `description`, `is_image`, `source_name`, `source_type`, `source_url`, `target_url`, `width`, `height`, `alt_words`, `start_date`, `end_date`, `priority`, `clicked`, `target`, `seq`, `state`, `status`, `picture_replace`, `created`, `modified`) VALUES(2, 1, 'JPG', '示例廣告2', 1, '', 'image/gif', 'attachment/sample/default/blue.gif', '', 152, 52, '', 0, 0, 0, 1, '_blank', 0, 1, 1, '', unix_timestamp(now()), unix_timestamp(now()));
INSERT INTO `pb_adses` (`id`, `adzone_id`, `title`, `description`, `is_image`, `source_name`, `source_type`, `source_url`, `target_url`, `width`, `height`, `alt_words`, `start_date`, `end_date`, `priority`, `clicked`, `target`, `seq`, `state`, `status`, `picture_replace`, `created`, `modified`) VALUES(3, 1, 'PNG', '示例廣告3', 1, '', 'image/gif', 'attachment/sample/default/blue.gif', '', 152, 52, '', 0, 0, 0, 1, '_blank', 0, 1, 1, '', unix_timestamp(now()), unix_timestamp(now()));
INSERT INTO `pb_adses` (`id`, `adzone_id`, `title`, `description`, `is_image`, `source_name`, `source_type`, `source_url`, `target_url`, `width`, `height`, `alt_words`, `start_date`, `end_date`, `priority`, `clicked`, `target`, `seq`, `state`, `status`, `picture_replace`, `created`, `modified`) VALUES(4, 1, '示例廣告4', '', 1, '', 'image/gif', 'attachment/sample/default/blue.gif', '', 152, 52, '', 0, 0, 0, 1, '_blank', 0, 1, 1, '', unix_timestamp(now()), unix_timestamp(now()));
INSERT INTO `pb_adses` (`id`, `adzone_id`, `title`, `description`, `is_image`, `source_name`, `source_type`, `source_url`, `target_url`, `width`, `height`, `alt_words`, `start_date`, `end_date`, `priority`, `clicked`, `target`, `seq`, `state`, `status`, `picture_replace`, `created`, `modified`) VALUES(5, 1, '示例廣告5', 'PNG', 1, '', 'image/gif', 'attachment/sample/default/blue.gif', '', 152, 52, '', 0, 0, 0, 1, '_blank', 0, 1, 1, '', unix_timestamp(now()), unix_timestamp(now()));
INSERT INTO `pb_adses` (`id`, `adzone_id`, `title`, `description`, `is_image`, `source_name`, `source_type`, `source_url`, `target_url`, `width`, `height`, `alt_words`, `start_date`, `end_date`, `priority`, `clicked`, `target`, `seq`, `state`, `status`, `picture_replace`, `created`, `modified`) VALUES(6, 1, '示例廣告6', '', 1, '', 'image/gif', 'attachment/sample/default/blue.gif', '', 152, 52, '', 0, 0, 0, 1, '_blank', 0, 1, 1, '', unix_timestamp(now()), unix_timestamp(now()));
INSERT INTO `pb_adses` (`id`, `adzone_id`, `title`, `description`, `is_image`, `source_name`, `source_type`, `source_url`, `target_url`, `width`, `height`, `alt_words`, `start_date`, `end_date`, `priority`, `clicked`, `target`, `seq`, `state`, `status`, `picture_replace`, `created`, `modified`) VALUES(7, 2, '新一代行業電子商務平台', '', 1, '', 'image/pjpeg', 'attachment/sample/example_958.jpg', 'http://www.phpb2b.com', 958, 62, '', 0, 0, 0, 1, '_blank', 0, 1, 1, 'attachment/sample/example_958.jpg', unix_timestamp(now()), unix_timestamp(now()));
INSERT INTO `pb_adses` (`id`, `adzone_id`, `title`, `description`, `is_image`, `source_name`, `source_type`, `source_url`, `target_url`, `width`, `height`, `alt_words`, `start_date`, `end_date`, `priority`, `clicked`, `target`, `seq`, `state`, `status`, `picture_replace`, `created`, `modified`) VALUES(8, 3, '商機廣告', '', 1, '', 'image/pjpeg', 'attachment/sample/breathe-offer1.jpg', '', 477, 170, '', 0, 0, 0, 1, '_blank', 0, 1, 1, 'images/nopicture_small.gif', unix_timestamp(now()), unix_timestamp(now()));
INSERT INTO `pb_adses` (`id`, `adzone_id`, `title`, `description`, `is_image`, `source_name`, `source_type`, `source_url`, `target_url`, `width`, `height`, `alt_words`, `start_date`, `end_date`, `priority`, `clicked`, `target`, `seq`, `state`, `status`, `picture_replace`, `created`, `modified`) VALUES(9, 3, '歡迎注冊', '注冊', 1, '', 'image/pjpeg', 'attachment/sample/breathe-offer2.jpg', '', 477, 170, '', 0, 0, 0, 1, '_blank', 0, 1, 1, 'images/nopicture_small.gif', unix_timestamp(now()), unix_timestamp(now()));
INSERT INTO `pb_adses` (`id`, `adzone_id`, `title`, `description`, `is_image`, `source_name`, `source_type`, `source_url`, `target_url`, `width`, `height`, `alt_words`, `start_date`, `end_date`, `priority`, `clicked`, `target`, `seq`, `state`, `status`, `picture_replace`, `created`, `modified`) VALUES(15, 4, '産品首頁大圖', '', 1, '', 'image/pjpeg', 'attachment/sample/breathe-product1.jpg', '', 500, 200, '', 0, 0, 0, 1, '_blank', 0, 1, 1, 'images/nopicture_small.gif', unix_timestamp(now()), 1303735837);
INSERT INTO `pb_adses` (`id`, `adzone_id`, `title`, `description`, `is_image`, `source_name`, `source_type`, `source_url`, `target_url`, `width`, `height`, `alt_words`, `start_date`, `end_date`, `priority`, `clicked`, `target`, `seq`, `state`, `status`, `picture_replace`, `created`, `modified`) VALUES(16, 5, '首頁大圖', '', 1, '', 'image/pjpeg', 'attachment/sample/breathe-index1.jpg', '', 500, 200, '', 0, 0, 0, 1, '_blank', 0, 1, 1, 'images/nopicture_small.gif', unix_timestamp(now()), unix_timestamp(now()));
INSERT INTO `pb_adses` (`id`, `adzone_id`, `title`, `description`, `is_image`, `source_name`, `source_type`, `source_url`, `target_url`, `width`, `height`, `alt_words`, `start_date`, `end_date`, `priority`, `clicked`, `target`, `seq`, `state`, `status`, `picture_replace`, `created`, `modified`) VALUES(18, 4, '加入會員商機無限', '', 1, '', 'image/pjpeg', 'attachment/sample/breathe-product2.jpg', '', 570, 170, '', 0, 0, 0, 1, '_blank', 0, 1, 1, 'images/nopicture_small.gif', unix_timestamp(now()), unix_timestamp(now()));
INSERT INTO `pb_adses` (`id`, `adzone_id`, `title`, `description`, `is_image`, `source_name`, `source_type`, `source_url`, `target_url`, `width`, `height`, `alt_words`, `start_date`, `end_date`, `priority`, `clicked`, `target`, `seq`, `state`, `status`, `picture_replace`, `created`, `modified`) VALUES(17, 5, '會員廣告', 'asdf', 1, '', 'image/pjpeg', 'attachment/sample/breathe-index2.jpg', '', 500, 200, '', 0, 0, 0, 1, '_blank', 0, 1, 1, 'images/nopicture_small.gif', unix_timestamp(now()), unix_timestamp(now()));
INSERT INTO `pb_adses` (`id`, `adzone_id`, `title`, `description`, `is_image`, `source_name`, `source_type`, `source_url`, `target_url`, `width`, `height`, `alt_words`, `start_date`, `end_date`, `priority`, `clicked`, `target`, `seq`, `state`, `status`, `picture_replace`, `created`, `modified`) VALUES(19, 6, '專題廣告示例1', '示例', 1, '', 'image/pjpeg', 'attachment/sample/144x120.png', 'http://www.phpb2b.com/', 500, 200, '', 0, 0, 0, 1, '_blank', 0, 1, 1, 'images/nopicture_small.gif', unix_timestamp(now()), unix_timestamp(now()));
INSERT INTO `pb_adses` (`id`, `adzone_id`, `title`, `description`, `is_image`, `source_name`, `source_type`, `source_url`, `target_url`, `width`, `height`, `alt_words`, `start_date`, `end_date`, `priority`, `clicked`, `target`, `seq`, `state`, `status`, `picture_replace`, `created`, `modified`) VALUES(20, 6, '專題廣告示例2', NULL, 1, '', 'image/pjpeg', 'attachment/sample/144x120.png', 'http://www.phpb2b.com/', 500, 200, '', 0, 0, 0, 1, '_blank', 0, 1, 1, 'images/nopicture_small.gif', unix_timestamp(now()), unix_timestamp(now()));
INSERT INTO `pb_adses` (`id`, `adzone_id`, `title`, `description`, `is_image`, `source_name`, `source_type`, `source_url`, `target_url`, `width`, `height`, `alt_words`, `start_date`, `end_date`, `priority`, `clicked`, `target`, `seq`, `state`, `status`, `picture_replace`, `created`, `modified`) VALUES(21, 6, '專題廣告示例3', NULL, 1, '', 'image/pjpeg', 'attachment/sample/144x120.png', 'http://www.phpb2b.com/', 500, 200, '', 0, 0, 0, 1, '_blank', 0, 1, 1, 'images/nopicture_small.gif', unix_timestamp(now()), unix_timestamp(now()));
INSERT INTO `pb_adses` (`id`, `adzone_id`, `title`, `description`, `is_image`, `source_name`, `source_type`, `source_url`, `target_url`, `width`, `height`, `alt_words`, `start_date`, `end_date`, `priority`, `clicked`, `target`, `seq`, `state`, `status`, `picture_replace`, `created`, `modified`) VALUES(24, 7, '社區', '', 1, '', 'image/pjpeg', 'attachment/sample/phpb2b.jpg', 'http://bbs.phpb2b.com/', 220, 82, '', 0, 0, 0, 1, '_blank', 0, 1, 1, 'images/nopicture_small.gif', unix_timestamp(now()), unix_timestamp(now()));

--
-- Table Datas `pb_adzones`
--

INSERT INTO `pb_adzones` (`id`, `membergroup_ids`, `what`, `style`, `name`, `description`, `additional_adwords`, `price`, `file_name`, `width`, `height`, `wrap`, `max_ad`, `created`, `modified`) VALUES(1, '8,9', '1', 0, '首頁頂部小圖片廣告', '6個圖片一行，首頁顯示', '', 1000.00, 'index.php', 760, 52, 6, 12, unix_timestamp(now()), unix_timestamp(now()));
INSERT INTO `pb_adzones` (`id`, `membergroup_ids`, `what`, `style`, `name`, `description`, `additional_adwords`, `price`, `file_name`, `width`, `height`, `wrap`, `max_ad`, `created`, `modified`) VALUES(2, '0', '1', 0, '首頁橫幅廣告', '免費開源，支持多國語言，友鄰B2B', '', 3000.00, 'index.php', 958, 62, 0, 0, unix_timestamp(now()), unix_timestamp(now()));
INSERT INTO `pb_adzones` (`id`, `membergroup_ids`, `what`, `style`, `name`, `description`, `additional_adwords`, `price`, `file_name`, `width`, `height`, `wrap`, `max_ad`, `created`, `modified`) VALUES(3, '', '1', 1, '商機首頁廣告', '找商機首頁', '', 1000.00, '', 380, 270, 0, 0, unix_timestamp(now()), unix_timestamp(now()));
INSERT INTO `pb_adzones` (`id`, `membergroup_ids`, `what`, `style`, `name`, `description`, `additional_adwords`, `price`, `file_name`, `width`, `height`, `wrap`, `max_ad`, `created`, `modified`) VALUES(4, '', '1', 1, '産品首頁廣告', '6個圖片一行，首頁顯示', '', 0.01, '', 570, 170, 0, 0, unix_timestamp(now()), unix_timestamp(now()));
INSERT INTO `pb_adzones` (`id`, `membergroup_ids`, `what`, `style`, `name`, `description`, `additional_adwords`, `price`, `file_name`, `width`, `height`, `wrap`, `max_ad`, `created`, `modified`) VALUES(5, '0', '1', 1, '首頁大圖廣告', '首頁宣傳1', '', 0.01, '', 473, 170, 0, 0, unix_timestamp(now()), unix_timestamp(now()));
INSERT INTO `pb_adzones` (`id`, `membergroup_ids`, `what`, `style`, `name`, `description`, `additional_adwords`, `price`, `file_name`, `width`, `height`, `wrap`, `max_ad`, `created`, `modified`) VALUES(6, '', '1', 0, '專題頁面左側廣告', '左側位置廣告', '', 0.00, '', 0, 0, 0, 0, unix_timestamp(now()), unix_timestamp(now()));
INSERT INTO `pb_adzones` (`id`, `membergroup_ids`, `what`, `style`, `name`, `description`, `additional_adwords`, `price`, `file_name`, `width`, `height`, `wrap`, `max_ad`, `created`, `modified`) VALUES(7, '', '1', 0, 'Community', 'PHPB2B community', '', 0.00, '', 0, 0, 0, 0, unix_timestamp(now()), unix_timestamp(now()));

--
-- Table Datas `pb_albumtypes`
--

INSERT INTO `pb_albumtypes` (`id`, `name`, `display_order`) VALUES(1, '企業相冊', 0);
INSERT INTO `pb_albumtypes` (`id`, `name`, `display_order`) VALUES(2, '産品圖片', 0);
INSERT INTO `pb_albumtypes` (`id`, `name`, `display_order`) VALUES(3, '廣告宣傳', 0);

--
-- Table Datas `pb_announcements`
--

INSERT INTO `pb_announcements` (`id`, `announcetype_id`, `subject`, `message`, `display_order`, `display_expiration`, `created`, `modified`) VALUES(4, 1, '如何讓您的産品排名更靠前', NULL, 0, 0, unix_timestamp(now()), 0);
INSERT INTO `pb_announcements` (`id`, `announcetype_id`, `subject`, `message`, `display_order`, `display_expiration`, `created`, `modified`) VALUES(3, 2, '網站會員服務介紹', NULL, 0, 0, unix_timestamp(now()), 0);
INSERT INTO `pb_announcements` (`id`, `announcetype_id`, `subject`, `message`, `display_order`, `display_expiration`, `created`, `modified`) VALUES(2, 1, '開通金牌旺鋪', NULL, 0, 0, unix_timestamp(now()), 0);
INSERT INTO `pb_announcements` (`id`, `announcetype_id`, `subject`, `message`, `display_order`, `display_expiration`, `created`, `modified`) VALUES(1, 1, '精彩世博，關注環保 ', '精彩世博，關注環保', 0, 0, unix_timestamp(now()), 0);

--
-- Table Datas `pb_announcementtypes`
--

INSERT INTO `pb_announcementtypes` (`id`, `name`) VALUES(1, '網站公告');
INSERT INTO `pb_announcementtypes` (`id`, `name`) VALUES(2, '廣告時間');

--
-- Table Datas `pb_companies`
--

INSERT INTO `pb_companies` (`id`, `member_id`, `cache_spacename`, `cache_membergroupid`, `cache_credits`, `topleveldomain`, `industry_id`, `area_id`, `type_id`, `name`, `description`, `english_name`, `adwords`, `keywords`, `boss_name`, `manage_type`, `year_annual`, `property`, `configs`, `bank_from`, `bank_account`, `main_prod`, `employee_amount`, `found_date`, `reg_fund`, `reg_address`, `address`, `zipcode`, `main_brand`, `main_market`, `main_biz_place`, `main_customer`, `link_man`, `link_man_gender`, `position`, `tel`, `fax`, `mobile`, `email`, `site_url`, `picture`, `status`, `first_letter`, `if_commend`, `clicked`, `created`, `modified`) VALUES(1, 1, 'admin', 9, 0, '', 1, '3', 1, '友鄰電子商務', '友鄰B2B', 'UALINK E-Commerce', '', '', '張三', '1', 3, 1, 'a:1:{s:12:"templet_name";b:0;}', '北京銀行', '12342143', '', '4', '946684800', 5, '北京', '北京市東城區', '100010', '友鄰', '1,2,3', '北京市', '各企事業單位', '張三', 1, 4, '(086)10-41235678', '(086)10-41235678', '130123456782', 'service@phpb2b.com', 'http://www.phpb2b.com/', 'sample/company/1.jpg', 1, 'A', 1, 1, unix_timestamp(now()), unix_timestamp(now()));
INSERT INTO `pb_companies` (`id`, `member_id`, `cache_spacename`, `cache_membergroupid`, `cache_credits`, `topleveldomain`, `industry_id`, `area_id`, `type_id`, `name`, `description`, `english_name`, `adwords`, `keywords`, `boss_name`, `manage_type`, `year_annual`, `property`, `configs`, `bank_from`, `bank_account`, `main_prod`, `employee_amount`, `found_date`, `reg_fund`, `reg_address`, `address`, `zipcode`, `main_brand`, `main_market`, `main_biz_place`, `main_customer`, `link_man`, `link_man_gender`, `position`, `tel`, `fax`, `mobile`, `email`, `site_url`, `picture`, `status`, `first_letter`, `if_commend`, `clicked`, `created`, `modified`) VALUES(2, 1, 'admin2', 9, 0, '', 1, '3', 1, '北京友鄰電子商務科技有限公司', '北京友鄰電子商務科技有限公司', '', '', '', '', '1', 0, 1, NULL, '', '', '', '', '', 5, '北京', '北京市東城區', '100010', '友鄰', '2,3,4', '北京市', '', '', 1, 4, '(086)10-41235678', '(086)10-41235678', '', 'service@phpb2b.com', 'http://www.phpb2b.com/', 'sample/company/1.jpg', 1, 'A', 1, 1, unix_timestamp(now()), 0);
INSERT INTO `pb_companies` (`id`, `member_id`, `cache_spacename`, `cache_membergroupid`, `cache_credits`, `topleveldomain`, `industry_id`, `area_id`, `type_id`, `name`, `description`, `english_name`, `adwords`, `keywords`, `boss_name`, `manage_type`, `year_annual`, `property`, `configs`, `bank_from`, `bank_account`, `main_prod`, `employee_amount`, `found_date`, `reg_fund`, `reg_address`, `address`, `zipcode`, `main_brand`, `main_market`, `main_biz_place`, `main_customer`, `link_man`, `link_man_gender`, `position`, `tel`, `fax`, `mobile`, `email`, `site_url`, `picture`, `status`, `first_letter`, `if_commend`, `clicked`, `created`, `modified`) VALUES(3, 2, 'athena1', 9, 0, '', 1, '3', 1, '東莞市創憶塑膠原料有限公司', '此爲演示數據，不保證數據的真實性', '', '', '', '', '1', 0, 1, NULL, '', '', '', '', '', 0, '', '', '', '', '', '', '', '', 1, 7, '', '', '', '', '', 'sample/company/no.jpg', 1, 'A', 1, 1, unix_timestamp(now()), 0);
INSERT INTO `pb_companies` (`id`, `member_id`, `cache_spacename`, `cache_membergroupid`, `cache_credits`, `topleveldomain`, `industry_id`, `area_id`, `type_id`, `name`, `description`, `english_name`, `adwords`, `keywords`, `boss_name`, `manage_type`, `year_annual`, `property`, `configs`, `bank_from`, `bank_account`, `main_prod`, `employee_amount`, `found_date`, `reg_fund`, `reg_address`, `address`, `zipcode`, `main_brand`, `main_market`, `main_biz_place`, `main_customer`, `link_man`, `link_man_gender`, `position`, `tel`, `fax`, `mobile`, `email`, `site_url`, `picture`, `status`, `first_letter`, `if_commend`, `clicked`, `created`, `modified`) VALUES(4, 2, 'athena2', 9, 0, '', 1, '2', 1, '甯波市江東興豐銅制有限公司', '此爲演示數據，不保證數據的真實性', '', '', '', '', '1', 0, 1, NULL, '', '', '', '', '', 0, '', '', '', '', '', '', '', '', 1, 7, '', '', '', '', '', 'sample/company/no.jpg', 1, 'A', 1, 1, unix_timestamp(now()), 0);
INSERT INTO `pb_companies` (`id`, `member_id`, `cache_spacename`, `cache_membergroupid`, `cache_credits`, `topleveldomain`, `industry_id`, `area_id`, `type_id`, `name`, `description`, `english_name`, `adwords`, `keywords`, `boss_name`, `manage_type`, `year_annual`, `property`, `configs`, `bank_from`, `bank_account`, `main_prod`, `employee_amount`, `found_date`, `reg_fund`, `reg_address`, `address`, `zipcode`, `main_brand`, `main_market`, `main_biz_place`, `main_customer`, `link_man`, `link_man_gender`, `position`, `tel`, `fax`, `mobile`, `email`, `site_url`, `picture`, `status`, `first_letter`, `if_commend`, `clicked`, `created`, `modified`) VALUES(5, 2, '', 9, 0, '', 1, '2', 1, '深圳市信諾達電子科技有限公司', '此爲演示數據，不保證數據的真實性', '', '', '', '', '1', 0, 1, NULL, '', '', '', '', '', 0, '', '', '', '', '', '', '', '', 1, 7, '', '', '', '', '', 'sample/company/no.jpg', 1, 'A', 1, 1, unix_timestamp(now()), 0);
INSERT INTO `pb_companies` (`id`, `member_id`, `cache_spacename`, `cache_membergroupid`, `cache_credits`, `topleveldomain`, `industry_id`, `area_id`, `type_id`, `name`, `description`, `english_name`, `adwords`, `keywords`, `boss_name`, `manage_type`, `year_annual`, `property`, `configs`, `bank_from`, `bank_account`, `main_prod`, `employee_amount`, `found_date`, `reg_fund`, `reg_address`, `address`, `zipcode`, `main_brand`, `main_market`, `main_biz_place`, `main_customer`, `link_man`, `link_man_gender`, `position`, `tel`, `fax`, `mobile`, `email`, `site_url`, `picture`, `status`, `first_letter`, `if_commend`, `clicked`, `created`, `modified`) VALUES(6, 2, '', 9, 0, '', 2, '2', 1, '杭州約拿摩擦材料有限公司', '此爲演示數據，不保證數據的真實性', '', '', '', '', '1', 0, 1, NULL, '', '', '', '', '', 0, '', '', '', '', '', '', '', '', 1, 7, '', '', '', '', '', 'sample/company/no.jpg', 1, 'A', 1, 1, unix_timestamp(now()), 0);
INSERT INTO `pb_companies` (`id`, `member_id`, `cache_spacename`, `cache_membergroupid`, `cache_credits`, `topleveldomain`, `industry_id`, `area_id`, `type_id`, `name`, `description`, `english_name`, `adwords`, `keywords`, `boss_name`, `manage_type`, `year_annual`, `property`, `configs`, `bank_from`, `bank_account`, `main_prod`, `employee_amount`, `found_date`, `reg_fund`, `reg_address`, `address`, `zipcode`, `main_brand`, `main_market`, `main_biz_place`, `main_customer`, `link_man`, `link_man_gender`, `position`, `tel`, `fax`, `mobile`, `email`, `site_url`, `picture`, `status`, `first_letter`, `if_commend`, `clicked`, `created`, `modified`) VALUES(7, 2, '', 9, 0, '', 2, '2', 1, '深圳華聯發貿易有限公司', '此爲演示數據，不保證數據的真實性', '', '', '', '', '1', 0, 1, NULL, '', '', '', '', '', 0, '', '', '', '', '', '', '', '', 1, 7, '', '', '', '', '', 'sample/company/no.jpg', 1, 'A', 1, 1, unix_timestamp(now()), 0);
INSERT INTO `pb_companies` (`id`, `member_id`, `cache_spacename`, `cache_membergroupid`, `cache_credits`, `topleveldomain`, `industry_id`, `area_id`, `type_id`, `name`, `description`, `english_name`, `adwords`, `keywords`, `boss_name`, `manage_type`, `year_annual`, `property`, `configs`, `bank_from`, `bank_account`, `main_prod`, `employee_amount`, `found_date`, `reg_fund`, `reg_address`, `address`, `zipcode`, `main_brand`, `main_market`, `main_biz_place`, `main_customer`, `link_man`, `link_man_gender`, `position`, `tel`, `fax`, `mobile`, `email`, `site_url`, `picture`, `status`, `first_letter`, `if_commend`, `clicked`, `created`, `modified`) VALUES(8, 2, '', 9, 0, '', 2, '1', 1, '北京聖軒建築裝飾有限公司', '此爲演示數據，不保證數據的真實性', '', '', '', '', '1', 0, 1, NULL, '', '', '', '', '', 0, '', '', '', '', '', '', '', '', 1, 7, '', '', '', '', '', 'sample/company/no.jpg', 1, 'A', 1, 1, unix_timestamp(now()), 0);
INSERT INTO `pb_companies` (`id`, `member_id`, `cache_spacename`, `cache_membergroupid`, `cache_credits`, `topleveldomain`, `industry_id`, `area_id`, `type_id`, `name`, `description`, `english_name`, `adwords`, `keywords`, `boss_name`, `manage_type`, `year_annual`, `property`, `configs`, `bank_from`, `bank_account`, `main_prod`, `employee_amount`, `found_date`, `reg_fund`, `reg_address`, `address`, `zipcode`, `main_brand`, `main_market`, `main_biz_place`, `main_customer`, `link_man`, `link_man_gender`, `position`, `tel`, `fax`, `mobile`, `email`, `site_url`, `picture`, `status`, `first_letter`, `if_commend`, `clicked`, `created`, `modified`) VALUES(9, 2, '', 9, 0, '', 2, '1', 1, '上海西博思流體控制有限公司', '此爲演示數據，不保證數據的真實性', '', '', '', '', '1', 0, 1, NULL, '', '', '', '', '', 0, '', '', '', '', '', '', '', '', 1, 7, '', '', '', '', '', 'sample/company/no.jpg', 1, 'A', 1, 1, unix_timestamp(now()), 0);
INSERT INTO `pb_companies` (`id`, `member_id`, `cache_spacename`, `cache_membergroupid`, `cache_credits`, `topleveldomain`, `industry_id`, `area_id`, `type_id`, `name`, `description`, `english_name`, `adwords`, `keywords`, `boss_name`, `manage_type`, `year_annual`, `property`, `configs`, `bank_from`, `bank_account`, `main_prod`, `employee_amount`, `found_date`, `reg_fund`, `reg_address`, `address`, `zipcode`, `main_brand`, `main_market`, `main_biz_place`, `main_customer`, `link_man`, `link_man_gender`, `position`, `tel`, `fax`, `mobile`, `email`, `site_url`, `picture`, `status`, `first_letter`, `if_commend`, `clicked`, `created`, `modified`) VALUES(10, 2, 'athena8', 9, 0, '', 3, '1', 1, '四川錦明建材有限公司', '此爲演示數據，不保證數據的真實性', '', '', '', '', '1', 0, 1, NULL, '', '', '', '', '', 0, '', '', '', '', '', '', '', '', 1, 7, '', '', '', '', '', 'sample/company/no.jpg', 1, 'A', 1, 1, unix_timestamp(now()), 0);
INSERT INTO `pb_companies` (`id`, `member_id`, `cache_spacename`, `cache_membergroupid`, `cache_credits`, `topleveldomain`, `industry_id`, `area_id`, `type_id`, `name`, `description`, `english_name`, `adwords`, `keywords`, `boss_name`, `manage_type`, `year_annual`, `property`, `configs`, `bank_from`, `bank_account`, `main_prod`, `employee_amount`, `found_date`, `reg_fund`, `reg_address`, `address`, `zipcode`, `main_brand`, `main_market`, `main_biz_place`, `main_customer`, `link_man`, `link_man_gender`, `position`, `tel`, `fax`, `mobile`, `email`, `site_url`, `picture`, `status`, `first_letter`, `if_commend`, `clicked`, `created`, `modified`) VALUES(11, 2, 'athena9', 9, 0, '', 3, '1', 1, '蘇州百碩自動化環保設備有限公司', '此爲演示數據，不保證數據的真實性', '', '', '', '', '1', 0, 1, NULL, '', '', '', '', '', 0, '', '', '', '', '', '', '', '', 1, 7, '', '', '', '', '', 'sample/company/no.jpg', 1, 'A', 1, 1, unix_timestamp(now()), 0);

--
-- Table Datas `pb_countries`
--

INSERT INTO `pb_countries` (`id`, `name`, `picture`, `display_order`) VALUES(1, '中國', 'cn.gif', 0);
INSERT INTO `pb_countries` (`id`, `name`, `picture`, `display_order`) VALUES(3, '香港', 'hk.gif', 0);

--
-- Table Datas `pb_formitems`
--

INSERT INTO `pb_formitems` (`id`, `form_id`, `title`, `description`, `identifier`, `type`, `rules`, `display_order`) VALUES(1, 0, '産品數量', '', 'product_quantity', 'text', '', 0);
INSERT INTO `pb_formitems` (`id`, `form_id`, `title`, `description`, `identifier`, `type`, `rules`, `display_order`) VALUES(2, 0, '包裝說明', '', 'packing', 'text', '', 0);
INSERT INTO `pb_formitems` (`id`, `form_id`, `title`, `description`, `identifier`, `type`, `rules`, `display_order`) VALUES(3, 0, '價格說明', '', 'product_price', 'text', '', 0);
INSERT INTO `pb_formitems` (`id`, `form_id`, `title`, `description`, `identifier`, `type`, `rules`, `display_order`) VALUES(4, 0, '産品規格', '', 'product_specification', 'text', '', 0);
INSERT INTO `pb_formitems` (`id`, `form_id`, `title`, `description`, `identifier`, `type`, `rules`, `display_order`) VALUES(5, 0, '産品編號', '', 'serial_number', 'text', '', 0);
INSERT INTO `pb_formitems` (`id`, `form_id`, `title`, `description`, `identifier`, `type`, `rules`, `display_order`) VALUES(6, 0, '産地', '', 'production_place', 'text', '', 0);
INSERT INTO `pb_formitems` (`id`, `form_id`, `title`, `description`, `identifier`, `type`, `rules`, `display_order`) VALUES(7, 0, '品牌', NULL, 'brand_name', 'text', NULL, 0);

--
-- Table Datas `pb_forms`
--

INSERT INTO `pb_forms` (`id`, `type_id`, `name`, `items`) VALUES(1, 1, '供求自定義字段', '1,2,3,4,5,6');
INSERT INTO `pb_forms` (`id`, `type_id`, `name`, `items`) VALUES(2, 2, '産品自定義字段', '1,2,3,4,5,6,7');

--
-- Table Datas `pb_friendlinks`
--

INSERT INTO `pb_friendlinks` (`id`, `friendlinktype_id`, `industry_id`, `area_id`, `title`, `logo`, `url`, `priority`, `status`, `description`, `created`, `modified`) VALUES(1, 1, 0, 0, 'PHPB2B', '', 'http://www.phpb2b.com/', 0, 1, '', 1293936472, 0);
INSERT INTO `pb_friendlinks` (`id`, `friendlinktype_id`, `industry_id`, `area_id`, `title`, `logo`, `url`, `priority`, `status`, `description`, `created`, `modified`) VALUES(2, 2, 0, 0, 'PHPB2B 演示', '', 'http://demo.phpb2b.com/', 0, 1, '', 1293936472, 0);

--
-- Table Datas `pb_friendlinktypes`
--

INSERT INTO `pb_friendlinktypes` (`id`, `name`) VALUES(1, '友情鏈接');
INSERT INTO `pb_friendlinktypes` (`id`, `name`) VALUES(2, '合作夥伴');

--
-- Table Datas `pb_goods`
--

INSERT INTO `pb_goods` (`id`, `type_id`, `name`, `description`, `price`, `closed`, `picture`, `if_commend`, `created`, `modified`) VALUES(2, 1, '高級會員升級', '', 0.02, 1, '', 0, 1293936472, 1300889949);
INSERT INTO `pb_goods` (`id`, `type_id`, `name`, `description`, `price`, `closed`, `picture`, `if_commend`, `created`, `modified`) VALUES(1, 1, '普通會員升級', '', 0.01, 1, '', 0, 1293936472, 1300889956);

--
-- Table Datas `pb_goodtypes`
--

INSERT INTO `pb_goodtypes` (`id`, `name`, `display_order`) VALUES(1, '商業服務', 0);
INSERT INTO `pb_goodtypes` (`id`, `name`, `display_order`) VALUES(2, '充值', 0);
INSERT INTO `pb_goodtypes` (`id`, `name`, `display_order`) VALUES(3, '廣告位', 0);

--
-- Table Datas `pb_markets`
--

INSERT INTO `pb_markets` (`id`, `name`, `main_business`, `content`, `markettype_id`, `area_id`, `industry_id`, `picture`, `ip_address`, `status`, `clicked`, `if_commend`, `created`, `modified`) VALUES(5, '五金産品交易市場', '信息、通訊、軟件、半導體', '', 1, 1, 1, 'sample/market/01.jpg', 0, 1, 1, 1, unix_timestamp(now()), 0);
INSERT INTO `pb_markets` (`id`, `name`, `main_business`, `content`, `markettype_id`, `area_id`, `industry_id`, `picture`, `ip_address`, `status`, `clicked`, `if_commend`, `created`, `modified`) VALUES(6, '化纖專業市場', '信息、通訊、軟件、半導體', '', 1, 1, 1, 'sample/market/02.jpg', 0, 1, 1, 1, unix_timestamp(now()), 0);
INSERT INTO `pb_markets` (`id`, `name`, `main_business`, `content`, `markettype_id`, `area_id`, `industry_id`, `picture`, `ip_address`, `status`, `clicked`, `if_commend`, `created`, `modified`) VALUES(3, '海甯中國皮革城', '信息、通訊、軟件、半導體', '', 1, 1, 1, 'sample/market/03.jpg', 0, 1, 1, 1, unix_timestamp(now()), 0);
INSERT INTO `pb_markets` (`id`, `name`, `main_business`, `content`, `markettype_id`, `area_id`, `industry_id`, `picture`, `ip_address`, `status`, `clicked`, `if_commend`, `created`, `modified`) VALUES(4, '浙江崇福皮草大世界', '信息、通訊、軟件、半導體', '', 1, 1, 1, 'sample/market/04.jpg', 0, 1, 1, 1, unix_timestamp(now()), 0);
INSERT INTO `pb_markets` (`id`, `name`, `main_business`, `content`, `markettype_id`, `area_id`, `industry_id`, `picture`, `ip_address`, `status`, `clicked`, `if_commend`, `created`, `modified`) VALUES(1, '某批發市場', '信息、通訊、軟件、半導體', NULL, 0, 1, 1, 'sample/market/05.jpg', 0, 0, 1, 0, 0, 0);
INSERT INTO `pb_markets` (`id`, `name`, `main_business`, `content`, `markettype_id`, `area_id`, `industry_id`, `picture`, `ip_address`, `status`, `clicked`, `if_commend`, `created`, `modified`) VALUES(2, '某專業市場', '信息、通訊、軟件、半導體', NULL, 0, 1, 1, 'sample/market/06.jpg', 0, 0, 1, 0, 0, 0);

--
-- Table Datas `pb_markettypes`
--

INSERT INTO `pb_markettypes` (`id`, `name`, `display_order`) VALUES(1, '國內市場', 0);
INSERT INTO `pb_markettypes` (`id`, `name`, `display_order`) VALUES(2, '國外市場', 0);
INSERT INTO `pb_markettypes` (`id`, `name`, `display_order`) VALUES(3, '超級市場', 0);

--
-- Table Datas `pb_memberfields`
--

INSERT INTO `pb_memberfields` (`member_id`, `today_logins`, `total_logins`, `area_id`, `first_name`, `last_name`, `gender`, `tel`, `fax`, `mobile`, `qq`, `msn`, `icq`, `yahoo`, `skype`, `address`, `zipcode`, `site_url`, `question`, `answer`, `reg_ip`) VALUES(1, 0, 0, 6, '張', '三', 1, '', '', '', '', '', '', '', '', '', '', '', '', '', '127.0.0.1');
INSERT INTO `pb_memberfields` (`member_id`, `today_logins`, `total_logins`, `area_id`, `first_name`, `last_name`, `gender`, `tel`, `fax`, `mobile`, `qq`, `msn`, `icq`, `yahoo`, `skype`, `address`, `zipcode`, `site_url`, `question`, `answer`, `reg_ip`) VALUES(2, 0, 0, 0, '李', '四', 0, '', '', '', '', '', '', '', '', '', '', '', '', '', '127.0.0.1');

--
-- Table Datas `pb_membergroups`
--

INSERT INTO `pb_membergroups` (`id`, `membertype_id`, `name`, `description`, `type`, `system`, `picture`, `point_max`, `point_min`, `max_offer`, `max_product`, `max_job`, `max_companynews`, `max_producttype`, `max_album`, `max_attach_size`, `max_size_perday`, `max_favorite`, `is_default`, `allow_offer`, `allow_market`, `allow_company`, `allow_product`, `allow_job`, `allow_companynews`, `allow_album`, `allow_space`, `default_live_time`, `after_live_time`, `exempt`, `created`, `modified`) VALUES(1, 1, '非正式會員', '', 'system', 'private', 'informal.gif', 0, -32767, 0, 0, 0, 0, 0, 0, 0, 0, 0, 0, 0, 0, 0, 0, 0, 0, 0, 1, 0, 2, 0, 0, 1274002638);
INSERT INTO `pb_membergroups` (`id`, `membertype_id`, `name`, `description`, `type`, `system`, `picture`, `point_max`, `point_min`, `max_offer`, `max_product`, `max_job`, `max_companynews`, `max_producttype`, `max_album`, `max_attach_size`, `max_size_perday`, `max_favorite`, `is_default`, `allow_offer`, `allow_market`, `allow_company`, `allow_product`, `allow_job`, `allow_companynews`, `allow_album`, `allow_space`, `default_live_time`, `after_live_time`, `exempt`, `created`, `modified`) VALUES(2, 1, '正式會員', '', 'system', 'private', 'formal.gif', 32767, 0, 0, 0, 0, 0, 0, 0, 0, 0, 0, 0, 0, 0, 0, 1, 0, 0, 0, 1, 0, 2, 25, 0, 1274002638);
INSERT INTO `pb_membergroups` (`id`, `membertype_id`, `name`, `description`, `type`, `system`, `picture`, `point_max`, `point_min`, `max_offer`, `max_product`, `max_job`, `max_companynews`, `max_producttype`, `max_album`, `max_attach_size`, `max_size_perday`, `max_favorite`, `is_default`, `allow_offer`, `allow_market`, `allow_company`, `allow_product`, `allow_job`, `allow_companynews`, `allow_album`, `allow_space`, `default_live_time`, `after_live_time`, `exempt`, `created`, `modified`) VALUES(3, 1, '待審核會員', '等待驗證', 'special', 'private', 'special_checking.gif', 0, 0, 0, 0, 0, 0, 3, 0, 0, 0, 0, 0, 1, 1, 1, 1, 1, 1, 1, 1, 1, 2, 0, 0, 1274002638);
INSERT INTO `pb_membergroups` (`id`, `membertype_id`, `name`, `description`, `type`, `system`, `picture`, `point_max`, `point_min`, `max_offer`, `max_product`, `max_job`, `max_companynews`, `max_producttype`, `max_album`, `max_attach_size`, `max_size_perday`, `max_favorite`, `is_default`, `allow_offer`, `allow_market`, `allow_company`, `allow_product`, `allow_job`, `allow_companynews`, `allow_album`, `allow_space`, `default_live_time`, `after_live_time`, `exempt`, `created`, `modified`) VALUES(4, 1, '禁止訪問', '禁止訪問網站', 'special', 'private', 'special_novisit.gif', 0, 0, 0, 0, 0, 0, 3, 0, 0, 0, 0, 0, 1, 1, 1, 1, 1, 1, 1, 1, 1, 2, 0, 0, 1274002638);
INSERT INTO `pb_membergroups` (`id`, `membertype_id`, `name`, `description`, `type`, `system`, `picture`, `point_max`, `point_min`, `max_offer`, `max_product`, `max_job`, `max_companynews`, `max_producttype`, `max_album`, `max_attach_size`, `max_size_perday`, `max_favorite`, `is_default`, `allow_offer`, `allow_market`, `allow_company`, `allow_product`, `allow_job`, `allow_companynews`, `allow_album`, `allow_space`, `default_live_time`, `after_live_time`, `exempt`, `created`, `modified`) VALUES(5, 1, '禁止發布', '禁止在商務室發表任何信息', 'special', 'private', 'special_noperm.gif', 0, 0, 0, 0, 0, 0, 3, 0, 0, 0, 0, 0, 1, 1, 1, 1, 1, 1, 1, 1, 1, 2, 0, 0, 1274002638);
INSERT INTO `pb_membergroups` (`id`, `membertype_id`, `name`, `description`, `type`, `system`, `picture`, `point_max`, `point_min`, `max_offer`, `max_product`, `max_job`, `max_companynews`, `max_producttype`, `max_album`, `max_attach_size`, `max_size_perday`, `max_favorite`, `is_default`, `allow_offer`, `allow_market`, `allow_company`, `allow_product`, `allow_job`, `allow_companynews`, `allow_album`, `allow_space`, `default_live_time`, `after_live_time`, `exempt`, `created`, `modified`) VALUES(6, 1, '禁止登陸', '禁止登陸商務室', 'special', 'private', 'special_nologin.gif', 0, 0, 0, 0, 0, 0, 3, 0, 0, 0, 0, 0, 1, 1, 1, 1, 1, 1, 1, 1, 1, 2, 0, 0, 1274002638);
INSERT INTO `pb_membergroups` (`id`, `membertype_id`, `name`, `description`, `type`, `system`, `picture`, `point_max`, `point_min`, `max_offer`, `max_product`, `max_job`, `max_companynews`, `max_producttype`, `max_album`, `max_attach_size`, `max_size_perday`, `max_favorite`, `is_default`, `allow_offer`, `allow_market`, `allow_company`, `allow_product`, `allow_job`, `allow_companynews`, `allow_album`, `allow_space`, `default_live_time`, `after_live_time`, `exempt`, `created`, `modified`) VALUES(7, 1, '個人會員', '普通級別會員', 'define', 'public', 'copper.gif', 0, 0, 5, 0, 0, 0, 3, 0, 0, 0, 0, 1, 3, 1, 3, 3, 3, 3, 1, 1, 1, 9, 24, 0, 1274002638);
INSERT INTO `pb_membergroups` (`id`, `membertype_id`, `name`, `description`, `type`, `system`, `picture`, `point_max`, `point_min`, `max_offer`, `max_product`, `max_job`, `max_companynews`, `max_producttype`, `max_album`, `max_attach_size`, `max_size_perday`, `max_favorite`, `is_default`, `allow_offer`, `allow_market`, `allow_company`, `allow_product`, `allow_job`, `allow_companynews`, `allow_album`, `allow_space`, `default_live_time`, `after_live_time`, `exempt`, `created`, `modified`) VALUES(8, 1, '高級個人會員', '高級個人會員', 'define', 'public', 'silver.gif', 0, 0, 0, 0, 0, 0, 3, 0, 0, 0, 0, 0, 1, 1, 1, 1, 1, 1, 1, 1, 2, 6, 25, 0, 1274002638);
INSERT INTO `pb_membergroups` (`id`, `membertype_id`, `name`, `description`, `type`, `system`, `picture`, `point_max`, `point_min`, `max_offer`, `max_product`, `max_job`, `max_companynews`, `max_producttype`, `max_album`, `max_attach_size`, `max_size_perday`, `max_favorite`, `is_default`, `allow_offer`, `allow_market`, `allow_company`, `allow_product`, `allow_job`, `allow_companynews`, `allow_album`, `allow_space`, `default_live_time`, `after_live_time`, `exempt`, `created`, `modified`) VALUES(9, 1, '普通企業會員', '企業會員一般此級別', 'define', 'public', 'gold.gif', 0, 0, 2, 2, 0, 0, 3, 0, 0, 0, 0, 0, 2, 3, 3, 2, 2, 2, 2, 1, 1, 2, 31, 0, 1274002638);
INSERT INTO `pb_membergroups` (`id`, `membertype_id`, `name`, `description`, `type`, `system`, `picture`, `point_max`, `point_min`, `max_offer`, `max_product`, `max_job`, `max_companynews`, `max_producttype`, `max_album`, `max_attach_size`, `max_size_perday`, `max_favorite`, `is_default`, `allow_offer`, `allow_market`, `allow_company`, `allow_product`, `allow_job`, `allow_companynews`, `allow_album`, `allow_space`, `default_live_time`, `after_live_time`, `exempt`, `created`, `modified`) VALUES(10, 2, 'VIP企業會員', '高級企業會員', 'define', 'public', 'vip.gif', 0, 0, 0, 0, 0, 0, 3, 0, 0, 0, 0, 0, 3, 3, 3, 3, 3, 3, 3, 1, 1, 2, 31, 0, 1274002638);

--
-- Table Datas `pb_members`
--

INSERT INTO `pb_members` (`id`, `space_name`, `templet_id`, `username`, `userpass`, `email`, `points`, `credits`, `balance_amount`, `trusttype_ids`, `status`, `photo`, `membertype_id`, `membergroup_id`, `last_login`, `last_ip`, `service_start_date`, `service_end_date`, `office_redirect`, `created`, `modified`) VALUES(1, 'zxcvzxcv', 5, 'admin', '980ac217c6b51e7dc41040bec1edfec8', 'administrator@yourdomain.com', 38, 55, 500.00, '2,1', '1', '', 2, 9, '1303431038', '2130706433', '1301414400', '1304092800', 0, '1293936462', '1301585957');
INSERT INTO `pb_members` (`id`, `space_name`, `templet_id`, `username`, `userpass`, `email`, `points`, `credits`, `balance_amount`, `trusttype_ids`, `status`, `photo`, `membertype_id`, `membergroup_id`, `last_login`, `last_ip`, `service_start_date`, `service_end_date`, `office_redirect`, `created`, `modified`) VALUES(2, 'athena', 1, 'athena', 'e10adc3949ba59abbe56e057f20f883e', 'administrator@host.com', 81, 80, 0.00, '1,2', '1', '', 2, 9, '1293936472', '2130706433', '1293936472', '1294022872', 0, '1293936472', '0');

--
-- Table Datas `pb_membertypes`
--

INSERT INTO `pb_membertypes` (`id`, `default_membergroup_id`, `name`, `description`) VALUES(1, 7, '個人會員', '您可以在本網免費發布供應信息、求購信息。');
INSERT INTO `pb_membertypes` (`id`, `default_membergroup_id`, `name`, `description`) VALUES(2, 9, '企業會員', '您可以擁有自己的企業網站；您可以建立自己的産品庫、企業相冊；您可以自由發布招聘信息。');
INSERT INTO `pb_membertypes` (`id`, `default_membergroup_id`, `name`, `description`) VALUES(3, 10, '商鋪會員', '可以建立自己的商鋪');

--
-- Table Datas `pb_navs`
--

INSERT INTO `pb_navs` (`id`, `parent_id`, `name`, `description`, `url`, `target`, `status`, `display_order`, `highlight`, `level`, `class_name`, `created`, `modified`) VALUES(1, 0, '首頁', '', 'index.php', '_self', 1, 1, 0, 0, '', unix_timestamp(now()), 0);
INSERT INTO `pb_navs` (`id`, `parent_id`, `name`, `description`, `url`, `target`, `status`, `display_order`, `highlight`, `level`, `class_name`, `created`, `modified`) VALUES(2, 0, '求購', '', 'offer/list.php?typeid=1&navid=2', '_self', 1, 2, 0, 0, '', unix_timestamp(now()), unix_timestamp(now()));
INSERT INTO `pb_navs` (`id`, `parent_id`, `name`, `description`, `url`, `target`, `status`, `display_order`, `highlight`, `level`, `class_name`, `created`, `modified`) VALUES(3, 0, '供應', '', 'offer/list.php?typeid=2&navid=3', '_self', 1, 3, 0, 0, '', unix_timestamp(now()), unix_timestamp(now()));
INSERT INTO `pb_navs` (`id`, `parent_id`, `name`, `description`, `url`, `target`, `status`, `display_order`, `highlight`, `level`, `class_name`, `created`, `modified`) VALUES(4, 0, '招商加盟', '', 'offer/index.php?mod=invest', '_self', 1, 5, 0, 0, '', unix_timestamp(now()), unix_timestamp(now()));
INSERT INTO `pb_navs` (`id`, `parent_id`, `name`, `description`, `url`, `target`, `status`, `display_order`, `highlight`, `level`, `class_name`, `created`, `modified`) VALUES(5, 0, '展會', '', 'fair/', '_self', 1, 6, 0, 0, '', unix_timestamp(now()), unix_timestamp(now()));
INSERT INTO `pb_navs` (`id`, `parent_id`, `name`, `description`, `url`, `target`, `status`, `display_order`, `highlight`, `level`, `class_name`, `created`, `modified`) VALUES(6, 0, '價格行情', '', 'market/quote.php', '_self', 1, 8, 0, 0, '', unix_timestamp(now()), 0);
INSERT INTO `pb_navs` (`id`, `parent_id`, `name`, `description`, `url`, `target`, `status`, `display_order`, `highlight`, `level`, `class_name`, `created`, `modified`) VALUES(7, 0, '專業市場', '', 'market/index.php', '_self', 1, 9, 0, 0, '', unix_timestamp(now()), unix_timestamp(now()));
INSERT INTO `pb_navs` (`id`, `parent_id`, `name`, `description`, `url`, `target`, `status`, `display_order`, `highlight`, `level`, `class_name`, `created`, `modified`) VALUES(8, 0, '展會', '', 'fair/index.php', '_self', 0, 10, 0, 0, '', unix_timestamp(now()), 0);
INSERT INTO `pb_navs` (`id`, `parent_id`, `name`, `description`, `url`, `target`, `status`, `display_order`, `highlight`, `level`, `class_name`, `created`, `modified`) VALUES(9, 0, '人才招聘', '', 'hr/', '_self', 1, 11, 0, 0, '', unix_timestamp(now()), unix_timestamp(now()));
INSERT INTO `pb_navs` (`id`, `parent_id`, `name`, `description`, `url`, `target`, `status`, `display_order`, `highlight`, `level`, `class_name`, `created`, `modified`) VALUES(10, 0, '品牌', '', 'brand/', '_self', 1, 7, 0, 0, '', unix_timestamp(now()), unix_timestamp(now()));
INSERT INTO `pb_navs` (`id`, `parent_id`, `name`, `description`, `url`, `target`, `status`, `display_order`, `highlight`, `level`, `class_name`, `created`, `modified`) VALUES(11, 0, '批發', '', 'offer/index.php?mod=wholesale', '_self', 1, 4, 0, 0, '', unix_timestamp(now()), unix_timestamp(now()));
INSERT INTO `pb_navs` (`id`, `parent_id`, `name`, `description`, `url`, `target`, `status`, `display_order`, `highlight`, `level`, `class_name`, `created`, `modified`) VALUES(12, 0, '百科', '行業百科', 'dict/', '_self', 1, 12, 0, 0, '', unix_timestamp(now()), unix_timestamp(now()));

--
-- Table Datas `pb_products`
--

INSERT INTO `pb_products` (`id`, `member_id`, `company_id`, `cache_companyname`, `sort_id`, `brand_id`, `category_id`, `industry_id`, `country_id`, `area_id`, `name`, `price`, `sn`, `spec`, `produce_area`, `packing_content`, `picture`, `content`, `producttype_id`, `status`, `state`, `ifnew`, `ifcommend`, `priority`, `tag_ids`, `clicked`, `formattribute_ids`, `created`, `modified`) VALUES(1, 1, 1, '友鄰電子商務網', 0, 0, 0, 5, 0, 1, '32英寸高清液晶電視', 100.00, '', '', '', '', 'sample/product/1.jpg', '尚品唛網——時尚耐用品之最新産品展示的平台.科技發展趨勢.新品信息資訊', 1, 1, 1, 0, 1, 0, '', 10, NULL, unix_timestamp(now()), unix_timestamp(now()));
INSERT INTO `pb_products` (`id`, `member_id`, `company_id`, `cache_companyname`, `sort_id`, `brand_id`, `category_id`, `industry_id`, `country_id`, `area_id`, `name`, `price`, `sn`, `spec`, `produce_area`, `packing_content`, `picture`, `content`, `producttype_id`, `status`, `state`, `ifnew`, `ifcommend`, `priority`, `tag_ids`, `clicked`, `formattribute_ids`, `created`, `modified`) VALUES(2, 1, 1, '友鄰電子商務網', 1, 0, 0, 1, 0, 1, 'dv_sx_c10', 125.00, '', '', '', '', 'sample/product/2.jpg', '分享您所暸解的消費類産品信息，商機無限盡在唛網.最新産品資訊網。', 1, 1, 1, 0, 1, 0, NULL, 2, NULL, unix_timestamp(now()), unix_timestamp(now()));
INSERT INTO `pb_products` (`id`, `member_id`, `company_id`, `cache_companyname`, `sort_id`, `brand_id`, `category_id`, `industry_id`, `country_id`, `area_id`, `name`, `price`, `sn`, `spec`, `produce_area`, `packing_content`, `picture`, `content`, `producttype_id`, `status`, `state`, `ifnew`, `ifcommend`, `priority`, `tag_ids`, `clicked`, `formattribute_ids`, `created`, `modified`) VALUES(3, 1, 1, '友鄰電子商務網', 1, 0, 0, 1, 0, 1, '電子詞典', 256.00, '', '', '', '', 'sample/product/3.jpg', '涉及全球産品發展趨勢、新品代理、招商加盟信息等雜談', 1, 1, 1, 0, 1, 0, NULL, 11, NULL, unix_timestamp(now()), unix_timestamp(now()));
INSERT INTO `pb_products` (`id`, `member_id`, `company_id`, `cache_companyname`, `sort_id`, `brand_id`, `category_id`, `industry_id`, `country_id`, `area_id`, `name`, `price`, `sn`, `spec`, `produce_area`, `packing_content`, `picture`, `content`, `producttype_id`, `status`, `state`, `ifnew`, `ifcommend`, `priority`, `tag_ids`, `clicked`, `formattribute_ids`, `created`, `modified`) VALUES(4, 1, 1, '友鄰電子商務網', 1, 0, 0, 1, 0, 1, 'e導航', 352.00, '', '', '', '', 'sample/product/4.jpg', '分享您所暸解的生活居家耐用品資訊信息動態。（優秀的産品將會首頁展示）', 1, 1, 1, 0, 0, 0, NULL, 2, NULL, unix_timestamp(now()), unix_timestamp(now()));
INSERT INTO `pb_products` (`id`, `member_id`, `company_id`, `cache_companyname`, `sort_id`, `brand_id`, `category_id`, `industry_id`, `country_id`, `area_id`, `name`, `price`, `sn`, `spec`, `produce_area`, `packing_content`, `picture`, `content`, `producttype_id`, `status`, `state`, `ifnew`, `ifcommend`, `priority`, `tag_ids`, `clicked`, `formattribute_ids`, `created`, `modified`) VALUES(5, 1, 1, '友鄰電子商務網', 1, 0, 0, 1, 0, 1, '超值獨顯筆記本', 145.00, '', '', '', '', 'sample/product/5.jpg', 'Continuance電池問世暸，可以通過電池的USB接口，爲其它電子設備直接供電，除暸側面的USB接口它與普通充電電池別無', 2, 1, 1, 0, 0, 0, NULL, 2, NULL, unix_timestamp(now()), unix_timestamp(now()));
INSERT INTO `pb_products` (`id`, `member_id`, `company_id`, `cache_companyname`, `sort_id`, `brand_id`, `category_id`, `industry_id`, `country_id`, `area_id`, `name`, `price`, `sn`, `spec`, `produce_area`, `packing_content`, `picture`, `content`, `producttype_id`, `status`, `state`, `ifnew`, `ifcommend`, `priority`, `tag_ids`, `clicked`, `formattribute_ids`, `created`, `modified`) VALUES(6, 1, 1, '友鄰電子商務網', 1, 0, 0, 1, 0, 1, 'MP4視頻播放機', 255.00, '', '', '', '', 'sample/product/6.jpg', '索尼周二開始出貨在CES上曾展示過的雙屏幕數碼攝像機Bloggie Duo HD，這款産品擁有前後兩個2.0和2.7英寸攝像頭，可以幫助自拍用戶准確日本的核輻射泄露讓大家重新認識暸輻射的危害，這個概念設計也浮出水面，是專門針對孕婦群體，妳可以佩戴在手上，平實的時候顯示的是綠', 2, 1, 1, 0, 0, 0, NULL, 4, NULL, unix_timestamp(now()), unix_timestamp(now()));
INSERT INTO `pb_products` (`id`, `member_id`, `company_id`, `cache_companyname`, `sort_id`, `brand_id`, `category_id`, `industry_id`, `country_id`, `area_id`, `name`, `price`, `sn`, `spec`, `produce_area`, `packing_content`, `picture`, `content`, `producttype_id`, `status`, `state`, `ifnew`, `ifcommend`, `priority`, `tag_ids`, `clicked`, `formattribute_ids`, `created`, `modified`) VALUES(7, 1, 1, '友鄰電子商務網', 1, 0, 0, 1, 0, 1, '高貴不貴1080高清', 6632.00, '', '', '', '', 'sample/product/7.jpg', '東芝歐洲今天宣布暸Satellite P700 3D筆記本電腦，他們全部搭售3D主動快門眼鏡，該産品線下一共有四個型號，分別是Satellite P750 3D/P7', 3, 1, 1, 0, 0, 0, NULL, 8, NULL, unix_timestamp(now()), unix_timestamp(now()));

--
-- Table Datas `pb_productsorts`
--

INSERT INTO `pb_productsorts` (`id`, `name`, `display_order`) VALUES(1, '最新産品', 0);
INSERT INTO `pb_productsorts` (`id`, `name`, `display_order`) VALUES(2, '庫存産品', 0);
INSERT INTO `pb_productsorts` (`id`, `name`, `display_order`) VALUES(3, '普通産品', 0);

--
-- Table Datas `pb_settings`
--

INSERT INTO `pb_settings` (`id`, `type_id`, `variable`, `valued`) VALUES(348, 0, 'site_name', '友鄰B2B行業電子商務網站管理系統');
INSERT INTO `pb_settings` (`id`, `type_id`, `variable`, `valued`) VALUES(349, 0, 'site_title', '友鄰B2B行業電子商務網4.0 - Powered By PHPB2B');
INSERT INTO `pb_settings` (`id`, `type_id`, `variable`, `valued`) VALUES(350, 0, 'site_banner_word', '最專業的行業電子商務網站');
INSERT INTO `pb_settings` (`id`, `type_id`, `variable`, `valued`) VALUES(4, 0, 'company_name', '網站的版權者');
INSERT INTO `pb_settings` (`id`, `type_id`, `variable`, `valued`) VALUES(352, 0, 'site_url', 'http://www.host.com/');
INSERT INTO `pb_settings` (`id`, `type_id`, `variable`, `valued`) VALUES(353, 0, 'icp_number', 'ICP備案號碼');
INSERT INTO `pb_settings` (`id`, `type_id`, `variable`, `valued`) VALUES(7, 0, 'service_tel', '(86)10-41235678');
INSERT INTO `pb_settings` (`id`, `type_id`, `variable`, `valued`) VALUES(8, 0, 'sale_tel', '(86)10-41235678');
INSERT INTO `pb_settings` (`id`, `type_id`, `variable`, `valued`) VALUES(9, 0, 'service_qq', '1319250566');
INSERT INTO `pb_settings` (`id`, `type_id`, `variable`, `valued`) VALUES(10, 0, 'service_msn', 'service@host.com');
INSERT INTO `pb_settings` (`id`, `type_id`, `variable`, `valued`) VALUES(11, 0, 'service_email', 'service@host.com');
INSERT INTO `pb_settings` (`id`, `type_id`, `variable`, `valued`) VALUES(324, 0, 'site_description', '<p>phpb2b是一款開源免費的b2b建站程序。</p>');
INSERT INTO `pb_settings` (`id`, `type_id`, `variable`, `valued`) VALUES(13, 0, 'cp_picture', '0');
INSERT INTO `pb_settings` (`id`, `type_id`, `variable`, `valued`) VALUES(14, 0, 'register_picture', '0');
INSERT INTO `pb_settings` (`id`, `type_id`, `variable`, `valued`) VALUES(15, 0, 'login_picture', '0');
INSERT INTO `pb_settings` (`id`, `type_id`, `variable`, `valued`) VALUES(16, 0, 'vispost_auth', '1');
INSERT INTO `pb_settings` (`id`, `type_id`, `variable`, `valued`) VALUES(17, 0, 'watermark', '1');
INSERT INTO `pb_settings` (`id`, `type_id`, `variable`, `valued`) VALUES(62, 0, 'watertext', 'PHPB2B');
INSERT INTO `pb_settings` (`id`, `type_id`, `variable`, `valued`) VALUES(19, 0, 'watercolor', '#990000');
INSERT INTO `pb_settings` (`id`, `type_id`, `variable`, `valued`) VALUES(20, 0, 'add_market_check', '1');
INSERT INTO `pb_settings` (`id`, `type_id`, `variable`, `valued`) VALUES(21, 0, 'regcheck', '0');
INSERT INTO `pb_settings` (`id`, `type_id`, `variable`, `valued`) VALUES(268, 0, 'vis_post', '1');
INSERT INTO `pb_settings` (`id`, `type_id`, `variable`, `valued`) VALUES(270, 0, 'vis_post_check', '0');
INSERT INTO `pb_settings` (`id`, `type_id`, `variable`, `valued`) VALUES(271, 0, 'sell_logincheck', '1');
INSERT INTO `pb_settings` (`id`, `type_id`, `variable`, `valued`) VALUES(272, 0, 'buy_logincheck', '0');
INSERT INTO `pb_settings` (`id`, `type_id`, `variable`, `valued`) VALUES(57, 0, 'install_dateline', unix_timestamp(now()));
INSERT INTO `pb_settings` (`id`, `type_id`, `variable`, `valued`) VALUES(27, 0, 'last_backup', unix_timestamp(now()));
INSERT INTO `pb_settings` (`id`, `type_id`, `variable`, `valued`) VALUES(28, 0, 'smtp_server', 'smtp.yourdomain.com');
INSERT INTO `pb_settings` (`id`, `type_id`, `variable`, `valued`) VALUES(29, 0, 'smtp_port', '25');
INSERT INTO `pb_settings` (`id`, `type_id`, `variable`, `valued`) VALUES(30, 0, 'smtp_auth', '1');
INSERT INTO `pb_settings` (`id`, `type_id`, `variable`, `valued`) VALUES(31, 0, 'mail_from', 'administrator@host.com');
INSERT INTO `pb_settings` (`id`, `type_id`, `variable`, `valued`) VALUES(32, 0, 'mail_fromwho', '網站管理員');
INSERT INTO `pb_settings` (`id`, `type_id`, `variable`, `valued`) VALUES(33, 0, 'auth_username', 'administrator@host.com');
INSERT INTO `pb_settings` (`id`, `type_id`, `variable`, `valued`) VALUES(34, 0, 'auth_password', 'password');
INSERT INTO `pb_settings` (`id`, `type_id`, `variable`, `valued`) VALUES(35, 0, 'send_mail', '2');
INSERT INTO `pb_settings` (`id`, `type_id`, `variable`, `valued`) VALUES(36, 0, 'sendmail_silent', '1');
INSERT INTO `pb_settings` (`id`, `type_id`, `variable`, `valued`) VALUES(37, 0, 'mail_delimiter', '0');
INSERT INTO `pb_settings` (`id`, `type_id`, `variable`, `valued`) VALUES(360, 0, 'reg_filename', 'register.php');
INSERT INTO `pb_settings` (`id`, `type_id`, `variable`, `valued`) VALUES(402, 0, 'new_userauth', '0');
INSERT INTO `pb_settings` (`id`, `type_id`, `variable`, `valued`) VALUES(361, 0, 'post_filename', 'post.php');
INSERT INTO `pb_settings` (`id`, `type_id`, `variable`, `valued`) VALUES(41, 0, 'forbid_ip', '');
INSERT INTO `pb_settings` (`id`, `type_id`, `variable`, `valued`) VALUES(403, 0, 'ip_reg_sep', '0');
INSERT INTO `pb_settings` (`id`, `type_id`, `variable`, `valued`) VALUES(60, 0, 'backup_dir', 'EdSJUs');
INSERT INTO `pb_settings` (`id`, `type_id`, `variable`, `valued`) VALUES(258, 0, 'capt_logging', '0');
INSERT INTO `pb_settings` (`id`, `type_id`, `variable`, `valued`) VALUES(259, 0, 'capt_register', '1');
INSERT INTO `pb_settings` (`id`, `type_id`, `variable`, `valued`) VALUES(260, 0, 'capt_post_free', '0');
INSERT INTO `pb_settings` (`id`, `type_id`, `variable`, `valued`) VALUES(261, 0, 'capt_add_market', '0');
INSERT INTO `pb_settings` (`id`, `type_id`, `variable`, `valued`) VALUES(262, 0, 'capt_login_admin', '1');
INSERT INTO `pb_settings` (`id`, `type_id`, `variable`, `valued`) VALUES(263, 0, 'capt_apply_friendlink', '0');
INSERT INTO `pb_settings` (`id`, `type_id`, `variable`, `valued`) VALUES(264, 0, 'capt_service', '0');
INSERT INTO `pb_settings` (`id`, `type_id`, `variable`, `valued`) VALUES(51, 0, 'backup_type', '1');
INSERT INTO `pb_settings` (`id`, `type_id`, `variable`, `valued`) VALUES(400, 0, 'register_type', 'open_common_reg');
INSERT INTO `pb_settings` (`id`, `type_id`, `variable`, `valued`) VALUES(267, 0, 'auth_key', 'MPQJq&D6');
INSERT INTO `pb_settings` (`id`, `type_id`, `variable`, `valued`) VALUES(54, 0, 'keyword_bidding', '0');
INSERT INTO `pb_settings` (`id`, `type_id`, `variable`, `valued`) VALUES(201, 0, 'passport_support', '0');
INSERT INTO `pb_settings` (`id`, `type_id`, `variable`, `valued`) VALUES(351, 0, 'site_logo', 'images/logo.jpg');
INSERT INTO `pb_settings` (`id`, `type_id`, `variable`, `valued`) VALUES(362, 0, 'main_cache', '1');
INSERT INTO `pb_settings` (`id`, `type_id`, `variable`, `valued`) VALUES(363, 0, 'member_cache', '0');
INSERT INTO `pb_settings` (`id`, `type_id`, `variable`, `valued`) VALUES(364, 0, 'space_cache', '0');
INSERT INTO `pb_settings` (`id`, `type_id`, `variable`, `valued`) VALUES(365, 0, 'label_cache', '0');
INSERT INTO `pb_settings` (`id`, `type_id`, `variable`, `valued`) VALUES(366, 0, 'main_cache_lifetime', '3600');
INSERT INTO `pb_settings` (`id`, `type_id`, `variable`, `valued`) VALUES(367, 0, 'main_cache_check', '0');
INSERT INTO `pb_settings` (`id`, `type_id`, `variable`, `valued`) VALUES(344, 1, 'update_alert_type', '1');
INSERT INTO `pb_settings` (`id`, `type_id`, `variable`, `valued`) VALUES(345, 1, 'update_alert_lasttime', '1301549982');
INSERT INTO `pb_settings` (`id`, `type_id`, `variable`, `valued`) VALUES(369, 0, 'theme', 'red');
INSERT INTO `pb_settings` (`id`, `type_id`, `variable`, `valued`) VALUES(269, 0, 'tag_check', '0');
INSERT INTO `pb_settings` (`id`, `type_id`, `variable`, `valued`) VALUES(273, 0, 'session_savepath', '0');
INSERT INTO `pb_settings` (`id`, `type_id`, `variable`, `valued`) VALUES(274, 1, 'offer_expire_method', '1');
INSERT INTO `pb_settings` (`id`, `type_id`, `variable`, `valued`) VALUES(275, 1, 'offer_moderate_point', '0');
INSERT INTO `pb_settings` (`id`, `type_id`, `variable`, `valued`) VALUES(276, 1, 'offer_refresh_lower_day', '3');
INSERT INTO `pb_settings` (`id`, `type_id`, `variable`, `valued`) VALUES(277, 1, 'offer_update_lower_hour', '24');
INSERT INTO `pb_settings` (`id`, `type_id`, `variable`, `valued`) VALUES(278, 1, 'offer_filter', '0');
INSERT INTO `pb_settings` (`id`, `type_id`, `variable`, `valued`) VALUES(358, 0, 'redirect_url', '');
INSERT INTO `pb_settings` (`id`, `type_id`, `variable`, `valued`) VALUES(399, 0, 'languages', '');
INSERT INTO `pb_settings` (`id`, `type_id`, `variable`, `valued`) VALUES(346, 0, 'time_offset', '0');
INSERT INTO `pb_settings` (`id`, `type_id`, `variable`, `valued`) VALUES(347, 0, 'date_format', 'Y-m-d');
INSERT INTO `pb_settings` (`id`, `type_id`, `variable`, `valued`) VALUES(401, 0, 'agreement', '<p>Demo</p>');
INSERT INTO `pb_settings` (`id`, `type_id`, `variable`, `valued`) VALUES(359, 0, 'space_name', '商鋪');
INSERT INTO `pb_settings` (`id`, `type_id`, `variable`, `valued`) VALUES(404, 0, 'welcome_msg', '0');

--
-- Table Datas `pb_tags`
--

INSERT INTO `pb_tags` (`id`, `member_id`, `name`, `numbers`, `closed`, `flag`, `created`, `modified`) VALUES(1, 0, '熱門', 1, 0, 0, unix_timestamp(now()), unix_timestamp(now()));
INSERT INTO `pb_tags` (`id`, `member_id`, `name`, `numbers`, `closed`, `flag`, `created`, `modified`) VALUES(2, 0, '搜索', 2, 0, 1, unix_timestamp(now()), unix_timestamp(now()));
INSERT INTO `pb_tags` (`id`, `member_id`, `name`, `numbers`, `closed`, `flag`, `created`, `modified`) VALUES(3, 0, '標簽', 1, 0, 1, unix_timestamp(now()), unix_timestamp(now()));

--
-- Table Datas `pb_templets`
--

INSERT INTO `pb_templets` (`id`, `name`, `title`, `directory`, `type`, `author`, `style`, `description`, `is_default`, `require_membertype`, `require_membergroups`, `status`) VALUES(3, 'brown', '棕色企業模板', 'skins/brown/', 'user', 'PB TEAM', '', 'A PHPB2B Corperate Templet. Enjoy!', 0, '0', '0', 1);
INSERT INTO `pb_templets` (`id`, `name`, `title`, `directory`, `type`, `author`, `style`, `description`, `is_default`, `require_membertype`, `require_membergroups`, `status`) VALUES(4, 'red', '紅色企業模板', 'skins/red/', 'user', 'PB TEAM', '', 'A PHPB2B Corperate Templet. Enjoy!', 0, '0', '0', 1);
INSERT INTO `pb_templets` (`id`, `name`, `title`, `directory`, `type`, `author`, `style`, `description`, `is_default`, `require_membertype`, `require_membergroups`, `status`) VALUES(5, 'default', '默認企業模板', 'skins/default/', 'user', 'PB TEAM', '', 'A PHPB2B Corperate Templet. Enjoy!', 0, '0', '0', 1);
INSERT INTO `pb_templets` (`id`, `name`, `title`, `directory`, `type`, `author`, `style`, `description`, `is_default`, `require_membertype`, `require_membergroups`, `status`) VALUES(7, 'green', '綠色企業模板', 'skins/green/', 'user', 'PB TEAM', '', 'A PHPB2B Corperate Templet. Enjoy!', 0, '0', '0', 1);
INSERT INTO `pb_templets` (`id`, `name`, `title`, `directory`, `type`, `author`, `style`, `description`, `is_default`, `require_membertype`, `require_membergroups`, `status`) VALUES(8, 'orange', '橙色企業模板', 'skins/orange/', 'user', 'PB TEAM', '', 'A PHPB2B Corperate Templet. Enjoy!', 0, '0', '0', 1);
INSERT INTO `pb_templets` (`id`, `name`, `title`, `directory`, `type`, `author`, `style`, `description`, `is_default`, `require_membertype`, `require_membergroups`, `status`) VALUES(15, 'green', '綠色模板', 'templates/green/', 'system', 'PB TEAM', '#71B522', 'A PHPB2B Orange Color Style Templet. Enjoy!', 0, '0', '0', 1);
INSERT INTO `pb_templets` (`id`, `name`, `title`, `directory`, `type`, `author`, `style`, `description`, `is_default`, `require_membertype`, `require_membergroups`, `status`) VALUES(11, 'red', '紅色模板', 'templates/red/', 'system', 'PB TEAM', '#CF352E', 'A PHPB2B Red Color Style Templet. Enjoy!', 1, '0', '0', 1);
INSERT INTO `pb_templets` (`id`, `name`, `title`, `directory`, `type`, `author`, `style`, `description`, `is_default`, `require_membertype`, `require_membergroups`, `status`) VALUES(12, 'default', '默認模板', 'templates/default/', 'system', 'PB TEAM', '#4DB5F8', 'A Ualink Default Template. Enjoy!', 0, '0', '0', 1);

--
-- Table Datas `pb_topics`
--

INSERT INTO `pb_topics` (`id`, `alias_name`, `templet`, `title`, `picture`, `description`, `created`, `modified`) VALUES(1, 'test1', 'test1', '金磚國家領導人第三次會晤', 'sample/topic/1.jpg', '', unix_timestamp(now()), 0);
INSERT INTO `pb_topics` (`id`, `alias_name`, `templet`, `title`, `picture`, `description`, `created`, `modified`) VALUES(2, 'test2', '', '蘋果Ipad2新品發布', 'sample/topic/2.jpg', '', unix_timestamp(now()), 0);
INSERT INTO `pb_topics` (`id`, `alias_name`, `templet`, `title`, `picture`, `description`, `created`, `modified`) VALUES(3, 'test3', '', '日本附近海域9.0級地震', 'sample/topic/3.jpg', '', unix_timestamp(now()), 0);

--
-- Table Datas `pb_trades`
--

INSERT INTO `pb_trades` (`id`, `type_id`, `industry_id`, `country_id`, `area_id`, `member_id`, `company_id`, `cache_username`, `cache_companyname`, `cache_contacts`, `title`, `adwords`, `content`, `price`, `measuring_unit`, `monetary_unit`, `packing`, `quantity`, `display_order`, `display_expiration`, `spec`, `sn`, `picture`, `picture_remote`, `status`, `submit_time`, `expire_time`, `expire_days`, `if_commend`, `if_urgent`, `if_locked`, `require_point`, `require_membertype`, `require_freedate`, `ip_addr`, `clicked`, `tag_ids`, `formattribute_ids`, `highlight`, `created`, `modified`) VALUES(1, 1, 1, 0, 0, 1, 13, '', '', '', '求購雙門不鏽鋼工作台 ', '品牌招商', '此爲演示數據,不保證數據的真實性', 1.23, '0', '0', '', '', 0, 0, '', '', 'sample/offer/1/1.jpg', '', 1, 1293936472, 1294022872, 10, 1, '1', '0', 0, 0, 0, '', 4, '', NULL, 0, unix_timestamp(now()), unix_timestamp(now()));
INSERT INTO `pb_trades` (`id`, `type_id`, `industry_id`, `country_id`, `area_id`, `member_id`, `company_id`, `cache_username`, `cache_companyname`, `cache_contacts`, `title`, `adwords`, `content`, `price`, `measuring_unit`, `monetary_unit`, `packing`, `quantity`, `display_order`, `display_expiration`, `spec`, `sn`, `picture`, `picture_remote`, `status`, `submit_time`, `expire_time`, `expire_days`, `if_commend`, `if_urgent`, `if_locked`, `require_point`, `require_membertype`, `require_freedate`, `ip_addr`, `clicked`, `tag_ids`, `formattribute_ids`, `highlight`, `created`, `modified`) VALUES(2, 1, 1, 0, 0, 1, 13, '', '', '', '求購玉米大米花生紅小豆', '服裝招商', '此爲演示數據,不保證數據的真實性', 1.23, '0', '0', '', '', 0, 0, '', '', 'sample/offer/1/2.jpg', '', 1, 1293936472, 1294022872, 10, 1, '1', '0', 0, 0, 0, '', 3, '', NULL, 0, unix_timestamp(now()), unix_timestamp(now()));
INSERT INTO `pb_trades` (`id`, `type_id`, `industry_id`, `country_id`, `area_id`, `member_id`, `company_id`, `cache_username`, `cache_companyname`, `cache_contacts`, `title`, `adwords`, `content`, `price`, `measuring_unit`, `monetary_unit`, `packing`, `quantity`, `display_order`, `display_expiration`, `spec`, `sn`, `picture`, `picture_remote`, `status`, `submit_time`, `expire_time`, `expire_days`, `if_commend`, `if_urgent`, `if_locked`, `require_point`, `require_membertype`, `require_freedate`, `ip_addr`, `clicked`, `tag_ids`, `formattribute_ids`, `highlight`, `created`, `modified`) VALUES(3, 1, 1, 0, 0, 1, 13, '', '', '', '愛沙尼亞客商采購淡水鲈魚', '餐飲大全', '此爲演示數據,不保證數據的真實性', 1.23, '0', '0', '', '', 0, 0, '', '', 'sample/offer/1/3.jpg', '', 1, 1293936472, 1294022872, 10, 1, '1', '0', 0, 0, 0, '', 1, '', NULL, 0, unix_timestamp(now()), unix_timestamp(now()));
INSERT INTO `pb_trades` (`id`, `type_id`, `industry_id`, `country_id`, `area_id`, `member_id`, `company_id`, `cache_username`, `cache_companyname`, `cache_contacts`, `title`, `adwords`, `content`, `price`, `measuring_unit`, `monetary_unit`, `packing`, `quantity`, `display_order`, `display_expiration`, `spec`, `sn`, `picture`, `picture_remote`, `status`, `submit_time`, `expire_time`, `expire_days`, `if_commend`, `if_urgent`, `if_locked`, `require_point`, `require_membertype`, `require_freedate`, `ip_addr`, `clicked`, `tag_ids`, `formattribute_ids`, `highlight`, `created`, `modified`) VALUES(4, 1, 1, 0, 0, 1, 13, '', '', '', 'SLEEPCO公司求購', '家居建材', '此爲演示數據,不保證數據的真實性', 1.23, '0', '0', '', '', 0, 0, '', '', 'sample/offer/1/4.jpg', '', 1, 1293936472, 1294022872, 10, 1, '1', '0', 0, 0, 0, '', 3, '', NULL, 0, unix_timestamp(now()), unix_timestamp(now()));
INSERT INTO `pb_trades` (`id`, `type_id`, `industry_id`, `country_id`, `area_id`, `member_id`, `company_id`, `cache_username`, `cache_companyname`, `cache_contacts`, `title`, `adwords`, `content`, `price`, `measuring_unit`, `monetary_unit`, `packing`, `quantity`, `display_order`, `display_expiration`, `spec`, `sn`, `picture`, `picture_remote`, `status`, `submit_time`, `expire_time`, `expire_days`, `if_commend`, `if_urgent`, `if_locked`, `require_point`, `require_membertype`, `require_freedate`, `ip_addr`, `clicked`, `tag_ids`, `formattribute_ids`, `highlight`, `created`, `modified`) VALUES(5, 1, 1, 0, 0, 1, 13, '', '', '', '求購樟松樹苗株', '美容教育', '此爲演示數據,不保證數據的真實性', 1.23, '0', '0', '', '', 0, 0, '', '', 'sample/offer/1/5.jpg', '', 1, 1293936472, 1294022872, 10, 1, '1', '0', 0, 0, 0, '', 1, '', NULL, 0, unix_timestamp(now()), unix_timestamp(now()));
INSERT INTO `pb_trades` (`id`, `type_id`, `industry_id`, `country_id`, `area_id`, `member_id`, `company_id`, `cache_username`, `cache_companyname`, `cache_contacts`, `title`, `adwords`, `content`, `price`, `measuring_unit`, `monetary_unit`, `packing`, `quantity`, `display_order`, `display_expiration`, `spec`, `sn`, `picture`, `picture_remote`, `status`, `submit_time`, `expire_time`, `expire_days`, `if_commend`, `if_urgent`, `if_locked`, `require_point`, `require_membertype`, `require_freedate`, `ip_addr`, `clicked`, `tag_ids`, `formattribute_ids`, `highlight`, `created`, `modified`) VALUES(6, 1, 1, 0, 0, 1, 13, '', '', '', '求購西瓜', '機械環保', '此爲演示數據,不保證數據的真實性', 1.23, '0', '0', '', '', 0, 0, '', '', 'sample/offer/1/6.jpg', '', 1, 1293936472, 1294022872, 10, 1, '1', '0', 0, 0, 0, '', 3, '', NULL, 0, unix_timestamp(now()), unix_timestamp(now()));
INSERT INTO `pb_trades` (`id`, `type_id`, `industry_id`, `country_id`, `area_id`, `member_id`, `company_id`, `cache_username`, `cache_companyname`, `cache_contacts`, `title`, `adwords`, `content`, `price`, `measuring_unit`, `monetary_unit`, `packing`, `quantity`, `display_order`, `display_expiration`, `spec`, `sn`, `picture`, `picture_remote`, `status`, `submit_time`, `expire_time`, `expire_days`, `if_commend`, `if_urgent`, `if_locked`, `require_point`, `require_membertype`, `require_freedate`, `ip_addr`, `clicked`, `tag_ids`, `formattribute_ids`, `highlight`, `created`, `modified`) VALUES(7, 1, 1, 0, 0, 1, 13, '', '', '', '亞商求購中國産各種金屬家具', '新奇特', '此爲演示數據,不保證數據的真實性', 1.23, '0', '0', '', '', 0, 0, '', '', 'sample/offer/1/7.jpg', '', 1, 1293936472, 1294022872, 10, 1, '1', '0', 0, 0, 0, '', 2, '', NULL, 0, unix_timestamp(now()), unix_timestamp(now()));
INSERT INTO `pb_trades` (`id`, `type_id`, `industry_id`, `country_id`, `area_id`, `member_id`, `company_id`, `cache_username`, `cache_companyname`, `cache_contacts`, `title`, `adwords`, `content`, `price`, `measuring_unit`, `monetary_unit`, `packing`, `quantity`, `display_order`, `display_expiration`, `spec`, `sn`, `picture`, `picture_remote`, `status`, `submit_time`, `expire_time`, `expire_days`, `if_commend`, `if_urgent`, `if_locked`, `require_point`, `require_membertype`, `require_freedate`, `ip_addr`, `clicked`, `tag_ids`, `formattribute_ids`, `highlight`, `created`, `modified`) VALUES(8, 1, 1, 0, 0, 1, 1, '', '', '', '尼泊爾煙草招標', '精品荟萃', '此爲演示數據,不保證數據的真實性', 1.23, '0', '0', '', '', 0, 0, '', '', 'sample/offer/1/8.jpg', '', 1, 1293936472, 1294022872, 10, 1, '1', '0', 0, 0, 0, '', 1, '', NULL, 0, unix_timestamp(now()), unix_timestamp(now()));
INSERT INTO `pb_trades` (`id`, `type_id`, `industry_id`, `country_id`, `area_id`, `member_id`, `company_id`, `cache_username`, `cache_companyname`, `cache_contacts`, `title`, `adwords`, `content`, `price`, `measuring_unit`, `monetary_unit`, `packing`, `quantity`, `display_order`, `display_expiration`, `spec`, `sn`, `picture`, `picture_remote`, `status`, `submit_time`, `expire_time`, `expire_days`, `if_commend`, `if_urgent`, `if_locked`, `require_point`, `require_membertype`, `require_freedate`, `ip_addr`, `clicked`, `tag_ids`, `formattribute_ids`, `highlight`, `created`, `modified`) VALUES(9, 1, 1, 0, 0, 1, 1, '', '', '', '亞商求購中國産食品包裝設備', '文字致富', '此爲演示數據,不保證數據的真實性', 1.23, '0', '0', '', '', 0, 0, '', '', 'sample/offer/1/9.jpg', '', 1, 1293936472, 1294022872, 10, 1, '1', '0', 0, 0, 0, '', 2, '', NULL, 0, unix_timestamp(now()), unix_timestamp(now()));
INSERT INTO `pb_trades` (`id`, `type_id`, `industry_id`, `country_id`, `area_id`, `member_id`, `company_id`, `cache_username`, `cache_companyname`, `cache_contacts`, `title`, `adwords`, `content`, `price`, `measuring_unit`, `monetary_unit`, `packing`, `quantity`, `display_order`, `display_expiration`, `spec`, `sn`, `picture`, `picture_remote`, `status`, `submit_time`, `expire_time`, `expire_days`, `if_commend`, `if_urgent`, `if_locked`, `require_point`, `require_membertype`, `require_freedate`, `ip_addr`, `clicked`, `tag_ids`, `formattribute_ids`, `highlight`, `created`, `modified`) VALUES(10, 1, 1, 0, 0, 1, 1, '', '', '', '亞商求購中國布料', '商機資訊', '此爲演示數據,不保證數據的真實性', 1.23, '0', '0', '', '', 0, 0, '', '', 'sample/offer/1/10.jpg', '', 1, 1293936472, 1294022872, 10, 1, '1', '0', 0, 0, 0, '', 5, '', NULL, 0, unix_timestamp(now()), unix_timestamp(now()));
INSERT INTO `pb_trades` (`id`, `type_id`, `industry_id`, `country_id`, `area_id`, `member_id`, `company_id`, `cache_username`, `cache_companyname`, `cache_contacts`, `title`, `adwords`, `content`, `price`, `measuring_unit`, `monetary_unit`, `packing`, `quantity`, `display_order`, `display_expiration`, `spec`, `sn`, `picture`, `picture_remote`, `status`, `submit_time`, `expire_time`, `expire_days`, `if_commend`, `if_urgent`, `if_locked`, `require_point`, `require_membertype`, `require_freedate`, `ip_addr`, `clicked`, `tag_ids`, `formattribute_ids`, `highlight`, `created`, `modified`) VALUES(11, 1, 1, 0, 0, 1, 1, '', '', '', '亞商求購中國産電腦配件', '視頻', '此爲演示數據,不保證數據的真實性', 1.23, '0', '0', '', '', 0, 0, '', '', 'sample/offer/1/11.jpg', '', 1, 1293936472, 1294022872, 10, 1, '0', '0', 0, 0, 0, '', 3, '', NULL, 0, unix_timestamp(now()), unix_timestamp(now()));
INSERT INTO `pb_trades` (`id`, `type_id`, `industry_id`, `country_id`, `area_id`, `member_id`, `company_id`, `cache_username`, `cache_companyname`, `cache_contacts`, `title`, `adwords`, `content`, `price`, `measuring_unit`, `monetary_unit`, `packing`, `quantity`, `display_order`, `display_expiration`, `spec`, `sn`, `picture`, `picture_remote`, `status`, `submit_time`, `expire_time`, `expire_days`, `if_commend`, `if_urgent`, `if_locked`, `require_point`, `require_membertype`, `require_freedate`, `ip_addr`, `clicked`, `tag_ids`, `formattribute_ids`, `highlight`, `created`, `modified`) VALUES(12, 1, 1, 0, 0, 1, 1, '', '', '', '利比亞客商有意購買中國産薯條制作設備', '專業招商', '此爲演示數據,不保證數據的真實性', 1.23, '0', '0', '', '', 0, 0, '', '', 'sample/offer/1/12.jpg', '', 1, 1294062132, 1294062132, 10, 1, '0', '0', 0, 0, 0, '', 3, '', NULL, 0, unix_timestamp(now()), unix_timestamp(now()));
INSERT INTO `pb_trades` (`id`, `type_id`, `industry_id`, `country_id`, `area_id`, `member_id`, `company_id`, `cache_username`, `cache_companyname`, `cache_contacts`, `title`, `adwords`, `content`, `price`, `measuring_unit`, `monetary_unit`, `packing`, `quantity`, `display_order`, `display_expiration`, `spec`, `sn`, `picture`, `picture_remote`, `status`, `submit_time`, `expire_time`, `expire_days`, `if_commend`, `if_urgent`, `if_locked`, `require_point`, `require_membertype`, `require_freedate`, `ip_addr`, `clicked`, `tag_ids`, `formattribute_ids`, `highlight`, `created`, `modified`) VALUES(13, 1, 1, 0, 0, 1, 1, '', '', '', '供應日本落葉松苗', '加盟致富', '此爲演示數據,不保證數據的真實性', 1.23, '0', '0', '', '', 0, 0, '', '', 'sample/offer/1/13.jpg', '', 1, 1294062132, 1294062132, 10, 1, '0', '0', 0, 0, 0, '', 4, '', NULL, 0, unix_timestamp(now()), unix_timestamp(now()));
INSERT INTO `pb_trades` (`id`, `type_id`, `industry_id`, `country_id`, `area_id`, `member_id`, `company_id`, `cache_username`, `cache_companyname`, `cache_contacts`, `title`, `adwords`, `content`, `price`, `measuring_unit`, `monetary_unit`, `packing`, `quantity`, `display_order`, `display_expiration`, `spec`, `sn`, `picture`, `picture_remote`, `status`, `submit_time`, `expire_time`, `expire_days`, `if_commend`, `if_urgent`, `if_locked`, `require_point`, `require_membertype`, `require_freedate`, `ip_addr`, `clicked`, `tag_ids`, `formattribute_ids`, `highlight`, `created`, `modified`) VALUES(14, 1, 1, 0, 0, 1, 1, '', '', '', '供應各種花卉', '信息網服裝', '此爲演示數據,不保證數據的真實性', 1.23, '0', '0', '', '', 0, 0, '', '', 'sample/offer/1/14.jpg', '', 1, 1301194546, 1302058546, 10, 1, '0', '0', 0, 0, 0, '', 1, '', NULL, 0, unix_timestamp(now()), unix_timestamp(now()));
INSERT INTO `pb_trades` (`id`, `type_id`, `industry_id`, `country_id`, `area_id`, `member_id`, `company_id`, `cache_username`, `cache_companyname`, `cache_contacts`, `title`, `adwords`, `content`, `price`, `measuring_unit`, `monetary_unit`, `packing`, `quantity`, `display_order`, `display_expiration`, `spec`, `sn`, `picture`, `picture_remote`, `status`, `submit_time`, `expire_time`, `expire_days`, `if_commend`, `if_urgent`, `if_locked`, `require_point`, `require_membertype`, `require_freedate`, `ip_addr`, `clicked`, `tag_ids`, `formattribute_ids`, `highlight`, `created`, `modified`) VALUES(15, 2, 1, 0, 0, 1, 1, '', '', '', 'Aspen信托集團尋求與中國公司合作', '幹洗折扣鞋', '此爲演示數據,不保證數據的真實性', 1.23, '0', '0', '', '', 0, 0, '', '', 'sample/offer/2/1.jpg', '', 1, 1294062132, 1294062132, 10, 1, '0', '0', 0, 0, 0, '', 1, '', NULL, 0, unix_timestamp(now()), unix_timestamp(now()));
INSERT INTO `pb_trades` (`id`, `type_id`, `industry_id`, `country_id`, `area_id`, `member_id`, `company_id`, `cache_username`, `cache_companyname`, `cache_contacts`, `title`, `adwords`, `content`, `price`, `measuring_unit`, `monetary_unit`, `packing`, `quantity`, `display_order`, `display_expiration`, `spec`, `sn`, `picture`, `picture_remote`, `status`, `submit_time`, `expire_time`, `expire_days`, `if_commend`, `if_urgent`, `if_locked`, `require_point`, `require_membertype`, `require_freedate`, `ip_addr`, `clicked`, `tag_ids`, `formattribute_ids`, `highlight`, `created`, `modified`) VALUES(16, 2, 1, 0, 0, 1, 1, '', '', '', '尋找蜂蜜購買商', '包韓服童裝', '此爲演示數據,不保證數據的真實性', 1.23, '0', '0', '', '', 0, 0, '', '', 'sample/offer/2/2.jpg', '', 1, 1294062132, 1294062132, 10, 1, '0', '0', 0, 0, 0, '', 1, '', NULL, 0, unix_timestamp(now()), unix_timestamp(now()));
INSERT INTO `pb_trades` (`id`, `type_id`, `industry_id`, `country_id`, `area_id`, `member_id`, `company_id`, `cache_username`, `cache_companyname`, `cache_contacts`, `title`, `adwords`, `content`, `price`, `measuring_unit`, `monetary_unit`, `packing`, `quantity`, `display_order`, `display_expiration`, `spec`, `sn`, `picture`, `picture_remote`, `status`, `submit_time`, `expire_time`, `expire_days`, `if_commend`, `if_urgent`, `if_locked`, `require_point`, `require_membertype`, `require_freedate`, `ip_addr`, `clicked`, `tag_ids`, `formattribute_ids`, `highlight`, `created`, `modified`) VALUES(17, 2, 1, 0, 0, 1, 1, '', '', '', '克羅地亞遊艇公司欲嚮中國出售遊艇', '女裝休閑服', '此爲演示數據,不保證數據的真實性', 1.23, '0', '0', '', '', 0, 0, '', '', 'sample/offer/2/3.jpg', '', 1, 1294062132, 1294062132, 10, 1, '0', '0', 0, 0, 0, '', 2, '', NULL, 0, unix_timestamp(now()), unix_timestamp(now()));
INSERT INTO `pb_trades` (`id`, `type_id`, `industry_id`, `country_id`, `area_id`, `member_id`, `company_id`, `cache_username`, `cache_companyname`, `cache_contacts`, `title`, `adwords`, `content`, `price`, `measuring_unit`, `monetary_unit`, `packing`, `quantity`, `display_order`, `display_expiration`, `spec`, `sn`, `picture`, `picture_remote`, `status`, `submit_time`, `expire_time`, `expire_days`, `if_commend`, `if_urgent`, `if_locked`, `require_point`, `require_membertype`, `require_freedate`, `ip_addr`, `clicked`, `tag_ids`, `formattribute_ids`, `highlight`, `created`, `modified`) VALUES(18, 2, 1, 0, 0, 1, 13, '', '', '', '以色列蔬果及農産品公司尋求國內買家', '建材機械', '此爲演示數據,不保證數據的真實性', 1.23, '0', '0', '', '', 0, 0, '', '', 'sample/offer/2/4.jpg', '', 1, 1294062132, 1294062132, 10, 1, '0', '0', 0, 0, 0, '', 1, '', NULL, 0, unix_timestamp(now()), unix_timestamp(now()));
INSERT INTO `pb_trades` (`id`, `type_id`, `industry_id`, `country_id`, `area_id`, `member_id`, `company_id`, `cache_username`, `cache_companyname`, `cache_contacts`, `title`, `adwords`, `content`, `price`, `measuring_unit`, `monetary_unit`, `packing`, `quantity`, `display_order`, `display_expiration`, `spec`, `sn`, `picture`, `picture_remote`, `status`, `submit_time`, `expire_time`, `expire_days`, `if_commend`, `if_urgent`, `if_locked`, `require_point`, `require_membertype`, `require_freedate`, `ip_addr`, `clicked`, `tag_ids`, `formattribute_ids`, `highlight`, `created`, `modified`) VALUES(19, 2, 1, 0, 0, 1, 1, '', '', '', '科一可可加工公司尋求中國購買商', '洗車養殖', '此爲演示數據,不保證數據的真實性', 1.23, '0', '0', '', '', 0, 0, '', '', 'sample/offer/2/5.jpg', '', 1, 1303736195, 1303736195, 10, 1, '0', '0', 0, 0, 0, '', 1, '', NULL, 0, unix_timestamp(now()), unix_timestamp(now()));
INSERT INTO `pb_trades` (`id`, `type_id`, `industry_id`, `country_id`, `area_id`, `member_id`, `company_id`, `cache_username`, `cache_companyname`, `cache_contacts`, `title`, `adwords`, `content`, `price`, `measuring_unit`, `monetary_unit`, `packing`, `quantity`, `display_order`, `display_expiration`, `spec`, `sn`, `picture`, `picture_remote`, `status`, `submit_time`, `expire_time`, `expire_days`, `if_commend`, `if_urgent`, `if_locked`, `require_point`, `require_membertype`, `require_freedate`, `ip_addr`, `clicked`, `tag_ids`, `formattribute_ids`, `highlight`, `created`, `modified`) VALUES(20, 2, 1, 0, 0, 1, 1, '', '', '', '愛爾蘭ECOBUILD展覽', '燈箱圍欄', '此爲演示數據,不保證數據的真實性', 1.23, '0', '0', '', '', 0, 0, '', '', 'sample/offer/2/6.jpg', '', 1, 1303736195, 1303736195, 10, 1, '0', '0', 0, 0, 0, '', 1, '', NULL, 0, unix_timestamp(now()), unix_timestamp(now()));
INSERT INTO `pb_trades` (`id`, `type_id`, `industry_id`, `country_id`, `area_id`, `member_id`, `company_id`, `cache_username`, `cache_companyname`, `cache_contacts`, `title`, `adwords`, `content`, `price`, `measuring_unit`, `monetary_unit`, `packing`, `quantity`, `display_order`, `display_expiration`, `spec`, `sn`, `picture`, `picture_remote`, `status`, `submit_time`, `expire_time`, `expire_days`, `if_commend`, `if_urgent`, `if_locked`, `require_point`, `require_membertype`, `require_freedate`, `ip_addr`, `clicked`, `tag_ids`, `formattribute_ids`, `highlight`, `created`, `modified`) VALUES(21, 2, 1, 0, 0, 1, 1, '', '', '', '供應台灣優種果苗', '布藝', '此爲演示數據,不保證數據的真實性', 1.23, '0', '0', '', '', 0, 0, '', '', 'sample/offer/2/7.jpg', '', 1, 1303736195, 1303736195, 10, 1, '0', '0', 0, 0, 0, '', 1, '', NULL, 0, unix_timestamp(now()), unix_timestamp(now()));
INSERT INTO `pb_trades` (`id`, `type_id`, `industry_id`, `country_id`, `area_id`, `member_id`, `company_id`, `cache_username`, `cache_companyname`, `cache_contacts`, `title`, `adwords`, `content`, `price`, `measuring_unit`, `monetary_unit`, `packing`, `quantity`, `display_order`, `display_expiration`, `spec`, `sn`, `picture`, `picture_remote`, `status`, `submit_time`, `expire_time`, `expire_days`, `if_commend`, `if_urgent`, `if_locked`, `require_point`, `require_membertype`, `require_freedate`, `ip_addr`, `clicked`, `tag_ids`, `formattribute_ids`, `highlight`, `created`, `modified`) VALUES(22, 2, 1, 0, 0, 1, 1, '', '', '', '供應7元整款T恤庫存服裝批發', '創業全', '此爲演示數據,不保證數據的真實性', 1.23, '0', '0', '', '', 0, 0, '', '', 'sample/offer/2/8.jpg', '', 1, 1303736195, 1303736195, 10, 1, '0', '0', 0, 0, 0, '', 3, '', NULL, 0, unix_timestamp(now()), unix_timestamp(now()));
INSERT INTO `pb_trades` (`id`, `type_id`, `industry_id`, `country_id`, `area_id`, `member_id`, `company_id`, `cache_username`, `cache_companyname`, `cache_contacts`, `title`, `adwords`, `content`, `price`, `measuring_unit`, `monetary_unit`, `packing`, `quantity`, `display_order`, `display_expiration`, `spec`, `sn`, `picture`, `picture_remote`, `status`, `submit_time`, `expire_time`, `expire_days`, `if_commend`, `if_urgent`, `if_locked`, `require_point`, `require_membertype`, `require_freedate`, `ip_addr`, `clicked`, `tag_ids`, `formattribute_ids`, `highlight`, `created`, `modified`) VALUES(23, 2, 1, 0, 0, 1, 1, '', '', '', 'Promotional Wooden Comb ', '景畫節', '此爲演示數據,不保證數據的真實性', 1.23, '0', '0', '', '', 0, 0, '', '', 'sample/offer/2/9.jpg', '', 1, 1303736195, 1303736195, 10, 1, '0', '0', 0, 0, 0, '', 1, '', NULL, 0, unix_timestamp(now()), unix_timestamp(now()));
INSERT INTO `pb_trades` (`id`, `type_id`, `industry_id`, `country_id`, `area_id`, `member_id`, `company_id`, `cache_username`, `cache_companyname`, `cache_contacts`, `title`, `adwords`, `content`, `price`, `measuring_unit`, `monetary_unit`, `packing`, `quantity`, `display_order`, `display_expiration`, `spec`, `sn`, `picture`, `picture_remote`, `status`, `submit_time`, `expire_time`, `expire_days`, `if_commend`, `if_urgent`, `if_locked`, `require_point`, `require_membertype`, `require_freedate`, `ip_addr`, `clicked`, `tag_ids`, `formattribute_ids`, `highlight`, `created`, `modified`) VALUES(24, 2, 1, 0, 0, 1, 1, '', '', '', 'Sell Aida Arm Chairs ', '能環保鞋套', '此爲演示數據,不保證數據的真實性', 1.23, '0', '0', '', '', 0, 0, '', '', 'sample/offer/2/10.jpg', '', 1, 1303736195, 1303736195, 10, 1, '0', '0', 0, 0, 0, '', 2, '', NULL, 0, unix_timestamp(now()), unix_timestamp(now()));
INSERT INTO `pb_trades` (`id`, `type_id`, `industry_id`, `country_id`, `area_id`, `member_id`, `company_id`, `cache_username`, `cache_companyname`, `cache_contacts`, `title`, `adwords`, `content`, `price`, `measuring_unit`, `monetary_unit`, `packing`, `quantity`, `display_order`, `display_expiration`, `spec`, `sn`, `picture`, `picture_remote`, `status`, `submit_time`, `expire_time`, `expire_days`, `if_commend`, `if_urgent`, `if_locked`, `require_point`, `require_membertype`, `require_freedate`, `ip_addr`, `clicked`, `tag_ids`, `formattribute_ids`, `highlight`, `created`, `modified`) VALUES(25, 2, 2, 0, 0, 1, 1, '', '', '', 'Vacuum Dehydrator For Emulsified', '機塗料', '此爲演示數據,不保證數據的真實性', 1.23, '0', '0', '', '', 0, 0, '', '', 'sample/offer/2/11.jpg', '', 1, 1303736195, 1303736195, 10, 1, '0', '0', 0, 0, 0, '', 2, '', NULL, 0, unix_timestamp(now()), unix_timestamp(now()));
INSERT INTO `pb_trades` (`id`, `type_id`, `industry_id`, `country_id`, `area_id`, `member_id`, `company_id`, `cache_username`, `cache_companyname`, `cache_contacts`, `title`, `adwords`, `content`, `price`, `measuring_unit`, `monetary_unit`, `packing`, `quantity`, `display_order`, `display_expiration`, `spec`, `sn`, `picture`, `picture_remote`, `status`, `submit_time`, `expire_time`, `expire_days`, `if_commend`, `if_urgent`, `if_locked`, `require_point`, `require_membertype`, `require_freedate`, `ip_addr`, `clicked`, `tag_ids`, `formattribute_ids`, `highlight`, `created`, `modified`) VALUES(26, 2, 2, 0, 0, 1, 1, '', '', '', 'Samsung Cartridge Chips ', '餐飲小吃', '此爲演示數據,不保證數據的真實性', 1.23, '0', '0', '', '', 0, 0, '', '', 'sample/offer/2/12.jpg', '', 1, 1303736195, 1303736195, 10, 1, '0', '0', 0, 0, 0, '', 2, '', NULL, 0, unix_timestamp(now()), unix_timestamp(now()));
INSERT INTO `pb_trades` (`id`, `type_id`, `industry_id`, `country_id`, `area_id`, `member_id`, `company_id`, `cache_username`, `cache_companyname`, `cache_contacts`, `title`, `adwords`, `content`, `price`, `measuring_unit`, `monetary_unit`, `packing`, `quantity`, `display_order`, `display_expiration`, `spec`, `sn`, `picture`, `picture_remote`, `status`, `submit_time`, `expire_time`, `expire_days`, `if_commend`, `if_urgent`, `if_locked`, `require_point`, `require_membertype`, `require_freedate`, `ip_addr`, `clicked`, `tag_ids`, `formattribute_ids`, `highlight`, `created`, `modified`) VALUES(27, 2, 2, 3, 0, 1, 1, '', '', '', 'Sell Polarized Lens', '美食速食', '此爲演示數據,不保證數據的真實性', 1.23, '0', '0', '', '', 0, 0, '', '', 'sample/offer/2/13.jpg', '', 1, 1303736195, 1303736195, 10, 1, '0', '0', 0, 0, 0, '', 1, '', NULL, 0, unix_timestamp(now()), unix_timestamp(now()));
INSERT INTO `pb_trades` (`id`, `type_id`, `industry_id`, `country_id`, `area_id`, `member_id`, `company_id`, `cache_username`, `cache_companyname`, `cache_contacts`, `title`, `adwords`, `content`, `price`, `measuring_unit`, `monetary_unit`, `packing`, `quantity`, `display_order`, `display_expiration`, `spec`, `sn`, `picture`, `picture_remote`, `status`, `submit_time`, `expire_time`, `expire_days`, `if_commend`, `if_urgent`, `if_locked`, `require_point`, `require_membertype`, `require_freedate`, `ip_addr`, `clicked`, `tag_ids`, `formattribute_ids`, `highlight`, `created`, `modified`) VALUES(28, 2, 2, 3, 0, 1, 1, '', '', '', 'Buy Cattle Fence From', '快餐火鍋', '此爲演示數據,不保證數據的真實性', 1.23, '0', '0', '', '', 0, 0, '', '', 'sample/offer/2/14.jpg', '', 1, 1303736346, 1304600346, 10, 1, '0', '0', 0, 0, 0, '', 7, '', NULL, 0, unix_timestamp(now()), unix_timestamp(now()));
INSERT INTO `pb_trades` (`id`, `type_id`, `industry_id`, `country_id`, `area_id`, `member_id`, `company_id`, `cache_username`, `cache_companyname`, `cache_contacts`, `title`, `adwords`, `content`, `price`, `measuring_unit`, `monetary_unit`, `packing`, `quantity`, `display_order`, `display_expiration`, `spec`, `sn`, `picture`, `picture_remote`, `status`, `submit_time`, `expire_time`, `expire_days`, `if_commend`, `if_urgent`, `if_locked`, `require_point`, `require_membertype`, `require_freedate`, `ip_addr`, `clicked`, `tag_ids`, `formattribute_ids`, `highlight`, `created`, `modified`) VALUES(29, 6, 1, 1, 3, 1, 1, '', '', '', '知名品牌創業首選', '知名品牌創業首選', '此爲演示數據,不保證數據的真實性', 1.23, '0', '0', '', '', 0, 0, '', '', 'sample/offer/1/1.jpg', '', 1, 1303736346, 1304600346, 10, 1, '0', '0', 0, 0, 0, '', 9, '3,4', '5,6,7,8,9,10', 0, unix_timestamp(now()), unix_timestamp(now()));
INSERT INTO `pb_trades` (`id`, `type_id`, `industry_id`, `country_id`, `area_id`, `member_id`, `company_id`, `cache_username`, `cache_companyname`, `cache_contacts`, `title`, `adwords`, `content`, `price`, `measuring_unit`, `monetary_unit`, `packing`, `quantity`, `display_order`, `display_expiration`, `spec`, `sn`, `picture`, `picture_remote`, `status`, `submit_time`, `expire_time`, `expire_days`, `if_commend`, `if_urgent`, `if_locked`, `require_point`, `require_membertype`, `require_freedate`, `ip_addr`, `clicked`, `tag_ids`, `formattribute_ids`, `highlight`, `created`, `modified`) VALUES(70, 4, 3, 2, 1, 1, 1, '', '', '', '大量供應孔明燈 全國批發', '', '此爲演示數據,不保證數據的真實性', 1.23, '0', '0', '', '', 0, 0, '', '', 'sample/offer/2/12.jpg', '', 0, 1303736168, 1303736168, 10, 0, '0', '0', 0, 0, 0, '', 1, '', NULL, 0, unix_timestamp(now()), unix_timestamp(now()));
INSERT INTO `pb_trades` (`id`, `type_id`, `industry_id`, `country_id`, `area_id`, `member_id`, `company_id`, `cache_username`, `cache_companyname`, `cache_contacts`, `title`, `adwords`, `content`, `price`, `measuring_unit`, `monetary_unit`, `packing`, `quantity`, `display_order`, `display_expiration`, `spec`, `sn`, `picture`, `picture_remote`, `status`, `submit_time`, `expire_time`, `expire_days`, `if_commend`, `if_urgent`, `if_locked`, `require_point`, `require_membertype`, `require_freedate`, `ip_addr`, `clicked`, `tag_ids`, `formattribute_ids`, `highlight`, `created`, `modified`) VALUES(71, 4, 3, 2, 1, 1, 1, '', '', '', 'GPS導航儀全國批發', '', '此爲演示數據,不保證數據的真實性', 1.23, '0', '0', '', '', 0, 0, '', '', 'sample/offer/2/13.jpg', '', 0, 1303736168, 1303736168, 10, 0, '0', '0', 0, 0, 0, '', 1, '', NULL, 0, unix_timestamp(now()), unix_timestamp(now()));
INSERT INTO `pb_trades` (`id`, `type_id`, `industry_id`, `country_id`, `area_id`, `member_id`, `company_id`, `cache_username`, `cache_companyname`, `cache_contacts`, `title`, `adwords`, `content`, `price`, `measuring_unit`, `monetary_unit`, `packing`, `quantity`, `display_order`, `display_expiration`, `spec`, `sn`, `picture`, `picture_remote`, `status`, `submit_time`, `expire_time`, `expire_days`, `if_commend`, `if_urgent`, `if_locked`, `require_point`, `require_membertype`, `require_freedate`, `ip_addr`, `clicked`, `tag_ids`, `formattribute_ids`, `highlight`, `created`, `modified`) VALUES(30, 6, 1, 1, 3, 1, 1, '', '', '', '鐵鍋門香辣館加盟', '鐵鍋門香辣館加盟', '此爲演示數據,不保證數據的真實性', 1.23, '0', '0', '', '', 0, 0, '', '', 'sample/offer/1/2.jpg', '', 1, 1303736346, 1304600346, 10, 1, '0', '0', 0, 0, 0, '', 2, '', NULL, 0, unix_timestamp(now()), unix_timestamp(now()));
INSERT INTO `pb_trades` (`id`, `type_id`, `industry_id`, `country_id`, `area_id`, `member_id`, `company_id`, `cache_username`, `cache_companyname`, `cache_contacts`, `title`, `adwords`, `content`, `price`, `measuring_unit`, `monetary_unit`, `packing`, `quantity`, `display_order`, `display_expiration`, `spec`, `sn`, `picture`, `picture_remote`, `status`, `submit_time`, `expire_time`, `expire_days`, `if_commend`, `if_urgent`, `if_locked`, `require_point`, `require_membertype`, `require_freedate`, `ip_addr`, `clicked`, `tag_ids`, `formattribute_ids`, `highlight`, `created`, `modified`) VALUES(31, 6, 1, 1, 3, 1, 1, '', '', '', '翰源藝品誠邀加', '翰源藝品誠邀加', '此爲演示數據,不保證數據的真實性', 1.23, '0', '0', '', '', 0, 0, '', '', 'sample/offer/1/3.jpg', '', 1, 1303736346, 1304600346, 10, 1, '0', '0', 0, 0, 0, '', 1, '', NULL, 51, unix_timestamp(now()), unix_timestamp(now()));
INSERT INTO `pb_trades` (`id`, `type_id`, `industry_id`, `country_id`, `area_id`, `member_id`, `company_id`, `cache_username`, `cache_companyname`, `cache_contacts`, `title`, `adwords`, `content`, `price`, `measuring_unit`, `monetary_unit`, `packing`, `quantity`, `display_order`, `display_expiration`, `spec`, `sn`, `picture`, `picture_remote`, `status`, `submit_time`, `expire_time`, `expire_days`, `if_commend`, `if_urgent`, `if_locked`, `require_point`, `require_membertype`, `require_freedate`, `ip_addr`, `clicked`, `tag_ids`, `formattribute_ids`, `highlight`, `created`, `modified`) VALUES(32, 6, 1, 1, 3, 1, 1, '', '', '', '龍門魚府火鍋加盟', '龍門魚府火鍋加盟', '此爲演示數據,不保證數據的真實性', 1.23, '0', '0', '', '', 0, 0, '', '', 'sample/offer/1/4.jpg', '', 1, 1303736346, 1304600346, 10, 1, '0', '0', 0, 0, 0, '', 2, '', NULL, 0, unix_timestamp(now()), unix_timestamp(now()));
INSERT INTO `pb_trades` (`id`, `type_id`, `industry_id`, `country_id`, `area_id`, `member_id`, `company_id`, `cache_username`, `cache_companyname`, `cache_contacts`, `title`, `adwords`, `content`, `price`, `measuring_unit`, `monetary_unit`, `packing`, `quantity`, `display_order`, `display_expiration`, `spec`, `sn`, `picture`, `picture_remote`, `status`, `submit_time`, `expire_time`, `expire_days`, `if_commend`, `if_urgent`, `if_locked`, `require_point`, `require_membertype`, `require_freedate`, `ip_addr`, `clicked`, `tag_ids`, `formattribute_ids`, `highlight`, `created`, `modified`) VALUES(33, 6, 2, 1, 3, 1, 1, '', '', '', '樂而美快餐加盟中', '樂而美快餐加盟中', '此爲演示數據,不保證數據的真實性', 1.23, '0', '0', '', '', 0, 0, '', '', 'sample/offer/1/5.jpg', '', 1, 1303736346, 1304600346, 10, 1, '0', '0', 0, 0, 0, '', 1, '', NULL, 46, unix_timestamp(now()), unix_timestamp(now()));
INSERT INTO `pb_trades` (`id`, `type_id`, `industry_id`, `country_id`, `area_id`, `member_id`, `company_id`, `cache_username`, `cache_companyname`, `cache_contacts`, `title`, `adwords`, `content`, `price`, `measuring_unit`, `monetary_unit`, `packing`, `quantity`, `display_order`, `display_expiration`, `spec`, `sn`, `picture`, `picture_remote`, `status`, `submit_time`, `expire_time`, `expire_days`, `if_commend`, `if_urgent`, `if_locked`, `require_point`, `require_membertype`, `require_freedate`, `ip_addr`, `clicked`, `tag_ids`, `formattribute_ids`, `highlight`, `created`, `modified`) VALUES(34, 6, 2, 1, 2, 1, 1, '', '', '', '夜時尚台球加盟中', '夜時尚台球加盟中', '此爲演示數據,不保證數據的真實性', 1.23, '0', '0', '', '', 0, 0, '', '', 'sample/offer/1/6.jpg', '', 1, 1303736346, 1304600346, 10, 1, '0', '0', 0, 0, 0, '', 1, '', NULL, 0, unix_timestamp(now()), unix_timestamp(now()));
INSERT INTO `pb_trades` (`id`, `type_id`, `industry_id`, `country_id`, `area_id`, `member_id`, `company_id`, `cache_username`, `cache_companyname`, `cache_contacts`, `title`, `adwords`, `content`, `price`, `measuring_unit`, `monetary_unit`, `packing`, `quantity`, `display_order`, `display_expiration`, `spec`, `sn`, `picture`, `picture_remote`, `status`, `submit_time`, `expire_time`, `expire_days`, `if_commend`, `if_urgent`, `if_locked`, `require_point`, `require_membertype`, `require_freedate`, `ip_addr`, `clicked`, `tag_ids`, `formattribute_ids`, `highlight`, `created`, `modified`) VALUES(35, 6, 2, 1, 2, 1, 1, '', '', '', '美滋美快餐加盟中', '美滋美快餐加盟中', '此爲演示數據,不保證數據的真實性', 1.23, '0', '0', '', '', 0, 0, '', '', 'sample/offer/1/7.jpg', '', 1, 1303736346, 1304600346, 10, 1, '0', '0', 0, 0, 0, '', 2, '', NULL, 0, unix_timestamp(now()), unix_timestamp(now()));
INSERT INTO `pb_trades` (`id`, `type_id`, `industry_id`, `country_id`, `area_id`, `member_id`, `company_id`, `cache_username`, `cache_companyname`, `cache_contacts`, `title`, `adwords`, `content`, `price`, `measuring_unit`, `monetary_unit`, `packing`, `quantity`, `display_order`, `display_expiration`, `spec`, `sn`, `picture`, `picture_remote`, `status`, `submit_time`, `expire_time`, `expire_days`, `if_commend`, `if_urgent`, `if_locked`, `require_point`, `require_membertype`, `require_freedate`, `ip_addr`, `clicked`, `tag_ids`, `formattribute_ids`, `highlight`, `created`, `modified`) VALUES(36, 6, 2, 1, 2, 1, 1, '', '', '', '美伊和田玉加盟中', '美伊和田玉加盟中', '此爲演示數據,不保證數據的真實性', 1.23, '0', '0', '', '', 0, 0, '', '', 'sample/offer/1/8.jpg', '', 1, 1303736346, 1304600346, 10, 1, '0', '0', 0, 0, 0, '', 1, '', NULL, 0, unix_timestamp(now()), unix_timestamp(now()));
INSERT INTO `pb_trades` (`id`, `type_id`, `industry_id`, `country_id`, `area_id`, `member_id`, `company_id`, `cache_username`, `cache_companyname`, `cache_contacts`, `title`, `adwords`, `content`, `price`, `measuring_unit`, `monetary_unit`, `packing`, `quantity`, `display_order`, `display_expiration`, `spec`, `sn`, `picture`, `picture_remote`, `status`, `submit_time`, `expire_time`, `expire_days`, `if_commend`, `if_urgent`, `if_locked`, `require_point`, `require_membertype`, `require_freedate`, `ip_addr`, `clicked`, `tag_ids`, `formattribute_ids`, `highlight`, `created`, `modified`) VALUES(37, 6, 3, 1, 2, 1, 1, '', '', '', '奶茶博士飲品全國加盟', '奶茶博士飲品全國加盟', '此爲演示數據,不保證數據的真實性', 1.23, '0', '0', '', '', 0, 0, '', '', 'sample/offer/1/9.jpg', '', 1, 0, 0, 10, 1, '0', '0', 0, 0, 0, '', 2, '', NULL, 0, unix_timestamp(now()), unix_timestamp(now()));
INSERT INTO `pb_trades` (`id`, `type_id`, `industry_id`, `country_id`, `area_id`, `member_id`, `company_id`, `cache_username`, `cache_companyname`, `cache_contacts`, `title`, `adwords`, `content`, `price`, `measuring_unit`, `monetary_unit`, `packing`, `quantity`, `display_order`, `display_expiration`, `spec`, `sn`, `picture`, `picture_remote`, `status`, `submit_time`, `expire_time`, `expire_days`, `if_commend`, `if_urgent`, `if_locked`, `require_point`, `require_membertype`, `require_freedate`, `ip_addr`, `clicked`, `tag_ids`, `formattribute_ids`, `highlight`, `created`, `modified`) VALUES(38, 6, 3, 1, 1, 1, 1, '', '', '', '亨達鞋業火爆加盟', '亨達鞋業火爆加盟', '此爲演示數據,不保證數據的真實性', 1.23, '0', '0', '', '', 0, 0, '', '', 'sample/offer/1/10.jpg', '', 1, 0, 0, 10, 1, '0', '0', 0, 0, 0, '', 1, '', NULL, 47, unix_timestamp(now()), unix_timestamp(now()));
INSERT INTO `pb_trades` (`id`, `type_id`, `industry_id`, `country_id`, `area_id`, `member_id`, `company_id`, `cache_username`, `cache_companyname`, `cache_contacts`, `title`, `adwords`, `content`, `price`, `measuring_unit`, `monetary_unit`, `packing`, `quantity`, `display_order`, `display_expiration`, `spec`, `sn`, `picture`, `picture_remote`, `status`, `submit_time`, `expire_time`, `expire_days`, `if_commend`, `if_urgent`, `if_locked`, `require_point`, `require_membertype`, `require_freedate`, `ip_addr`, `clicked`, `tag_ids`, `formattribute_ids`, `highlight`, `created`, `modified`) VALUES(39, 6, 3, 1, 1, 1, 1, '', '', '', '咔咔仕小吃加盟中', '咔咔仕小吃加盟中', '此爲演示數據,不保證數據的真實性', 1.23, '0', '0', '', '', 0, 0, '', '', 'sample/offer/1/11.jpg', '', 1, 0, 0, 10, 1, '0', '0', 0, 0, 0, '', 1, '', NULL, 0, unix_timestamp(now()), unix_timestamp(now()));
INSERT INTO `pb_trades` (`id`, `type_id`, `industry_id`, `country_id`, `area_id`, `member_id`, `company_id`, `cache_username`, `cache_companyname`, `cache_contacts`, `title`, `adwords`, `content`, `price`, `measuring_unit`, `monetary_unit`, `packing`, `quantity`, `display_order`, `display_expiration`, `spec`, `sn`, `picture`, `picture_remote`, `status`, `submit_time`, `expire_time`, `expire_days`, `if_commend`, `if_urgent`, `if_locked`, `require_point`, `require_membertype`, `require_freedate`, `ip_addr`, `clicked`, `tag_ids`, `formattribute_ids`, `highlight`, `created`, `modified`) VALUES(40, 6, 3, 1, 1, 1, 1, '', '', '', '歐可童裝招商加盟', '歐可童裝招商加盟', '此爲演示數據,不保證數據的真實性', 1.23, '0', '0', '', '', 0, 0, '', '', 'sample/offer/1/12.jpg', '', 1, 0, 0, 10, 1, '0', '0', 0, 0, 0, '', 1, '', NULL, 47, unix_timestamp(now()), unix_timestamp(now()));
INSERT INTO `pb_trades` (`id`, `type_id`, `industry_id`, `country_id`, `area_id`, `member_id`, `company_id`, `cache_username`, `cache_companyname`, `cache_contacts`, `title`, `adwords`, `content`, `price`, `measuring_unit`, `monetary_unit`, `packing`, `quantity`, `display_order`, `display_expiration`, `spec`, `sn`, `picture`, `picture_remote`, `status`, `submit_time`, `expire_time`, `expire_days`, `if_commend`, `if_urgent`, `if_locked`, `require_point`, `require_membertype`, `require_freedate`, `ip_addr`, `clicked`, `tag_ids`, `formattribute_ids`, `highlight`, `created`, `modified`) VALUES(41, 6, 3, 1, 1, 1, 1, '', '', '', '鹭岩茗茶誠邀加盟', '鹭岩茗茶誠邀加盟', '此爲演示數據,不保證數據的真實性', 1.23, '0', '0', '', '', 0, 0, '', '', 'sample/offer/1/13.jpg', '', 1, 0, 0, 10, 1, '0', '0', 0, 0, 0, '', 5, '', NULL, 47, unix_timestamp(now()), unix_timestamp(now()));
INSERT INTO `pb_trades` (`id`, `type_id`, `industry_id`, `country_id`, `area_id`, `member_id`, `company_id`, `cache_username`, `cache_companyname`, `cache_contacts`, `title`, `adwords`, `content`, `price`, `measuring_unit`, `monetary_unit`, `packing`, `quantity`, `display_order`, `display_expiration`, `spec`, `sn`, `picture`, `picture_remote`, `status`, `submit_time`, `expire_time`, `expire_days`, `if_commend`, `if_urgent`, `if_locked`, `require_point`, `require_membertype`, `require_freedate`, `ip_addr`, `clicked`, `tag_ids`, `formattribute_ids`, `highlight`, `created`, `modified`) VALUES(42, 4, 1, 1, 3, 1, 1, '', '', '', '童裝牛仔褲批發', '', '此爲演示數據,不保證數據的真實性', 1.23, '0', '0', '', '', 0, 0, '', '', 'sample/offer/2/1.jpg', '', 1, 0, 0, 10, 1, '0', '0', 0, 0, 0, '', 2, '', NULL, 0, unix_timestamp(now()), unix_timestamp(now()));
INSERT INTO `pb_trades` (`id`, `type_id`, `industry_id`, `country_id`, `area_id`, `member_id`, `company_id`, `cache_username`, `cache_companyname`, `cache_contacts`, `title`, `adwords`, `content`, `price`, `measuring_unit`, `monetary_unit`, `packing`, `quantity`, `display_order`, `display_expiration`, `spec`, `sn`, `picture`, `picture_remote`, `status`, `submit_time`, `expire_time`, `expire_days`, `if_commend`, `if_urgent`, `if_locked`, `require_point`, `require_membertype`, `require_freedate`, `ip_addr`, `clicked`, `tag_ids`, `formattribute_ids`, `highlight`, `created`, `modified`) VALUES(43, 4, 1, 1, 3, 1, 1, '', '', '', '韓板飾品 小額批發 ', '', '此爲演示數據,不保證數據的真實性', 1.23, '0', '0', '', '', 0, 0, '', '', 'sample/offer/2/2.jpg', '', 1, 0, 0, 10, 1, '0', '0', 0, 0, 0, '', 1, '', NULL, 0, unix_timestamp(now()), unix_timestamp(now()));
INSERT INTO `pb_trades` (`id`, `type_id`, `industry_id`, `country_id`, `area_id`, `member_id`, `company_id`, `cache_username`, `cache_companyname`, `cache_contacts`, `title`, `adwords`, `content`, `price`, `measuring_unit`, `monetary_unit`, `packing`, `quantity`, `display_order`, `display_expiration`, `spec`, `sn`, `picture`, `picture_remote`, `status`, `submit_time`, `expire_time`, `expire_days`, `if_commend`, `if_urgent`, `if_locked`, `require_point`, `require_membertype`, `require_freedate`, `ip_addr`, `clicked`, `tag_ids`, `formattribute_ids`, `highlight`, `created`, `modified`) VALUES(44, 4, 1, 1, 3, 1, 1, '', '', '', '鑫福軒虎年好運系列批發 ', '', '此爲演示數據,不保證數據的真實性', 1.23, '0', '0', '', '', 0, 0, '', '', 'sample/offer/2/3.jpg', '', 1, 0, 0, 10, 1, '0', '0', 0, 0, 0, '', 1, '', NULL, 0, unix_timestamp(now()), unix_timestamp(now()));
INSERT INTO `pb_trades` (`id`, `type_id`, `industry_id`, `country_id`, `area_id`, `member_id`, `company_id`, `cache_username`, `cache_companyname`, `cache_contacts`, `title`, `adwords`, `content`, `price`, `measuring_unit`, `monetary_unit`, `packing`, `quantity`, `display_order`, `display_expiration`, `spec`, `sn`, `picture`, `picture_remote`, `status`, `submit_time`, `expire_time`, `expire_days`, `if_commend`, `if_urgent`, `if_locked`, `require_point`, `require_membertype`, `require_freedate`, `ip_addr`, `clicked`, `tag_ids`, `formattribute_ids`, `highlight`, `created`, `modified`) VALUES(45, 4, 1, 1, 3, 1, 1, '', '', '', '品牌運動服 免費代理批發', '', '此爲演示數據,不保證數據的真實性', 1.23, '0', '0', '', '', 0, 0, '', '', 'sample/offer/2/4.jpg', '', 1, 0, 0, 10, 1, '0', '0', 0, 0, 0, '', 1, '', NULL, 0, unix_timestamp(now()), unix_timestamp(now()));
INSERT INTO `pb_trades` (`id`, `type_id`, `industry_id`, `country_id`, `area_id`, `member_id`, `company_id`, `cache_username`, `cache_companyname`, `cache_contacts`, `title`, `adwords`, `content`, `price`, `measuring_unit`, `monetary_unit`, `packing`, `quantity`, `display_order`, `display_expiration`, `spec`, `sn`, `picture`, `picture_remote`, `status`, `submit_time`, `expire_time`, `expire_days`, `if_commend`, `if_urgent`, `if_locked`, `require_point`, `require_membertype`, `require_freedate`, `ip_addr`, `clicked`, `tag_ids`, `formattribute_ids`, `highlight`, `created`, `modified`) VALUES(46, 4, 2, 1, 2, 1, 1, '', '', '', '電磁加熱主板批發', '', '此爲演示數據,不保證數據的真實性', 1.23, '0', '0', '', '', 0, 0, '', '', 'sample/offer/2/5.jpg', '', 1, 1303736168, 1303736168, 10, 1, '0', '0', 0, 0, 0, '', 3, '', NULL, 0, unix_timestamp(now()), unix_timestamp(now()));
INSERT INTO `pb_trades` (`id`, `type_id`, `industry_id`, `country_id`, `area_id`, `member_id`, `company_id`, `cache_username`, `cache_companyname`, `cache_contacts`, `title`, `adwords`, `content`, `price`, `measuring_unit`, `monetary_unit`, `packing`, `quantity`, `display_order`, `display_expiration`, `spec`, `sn`, `picture`, `picture_remote`, `status`, `submit_time`, `expire_time`, `expire_days`, `if_commend`, `if_urgent`, `if_locked`, `require_point`, `require_membertype`, `require_freedate`, `ip_addr`, `clicked`, `tag_ids`, `formattribute_ids`, `highlight`, `created`, `modified`) VALUES(47, 4, 2, 1, 2, 1, 1, '', '', '', '超便攜電腦 超低價批發', '', '此爲演示數據,不保證數據的真實性', 1.23, '0', '0', '', '', 0, 0, '', '', 'sample/offer/2/6.jpg', '', 1, 1303736168, 1303736168, 10, 1, '0', '0', 0, 0, 0, '', 6, '', NULL, 47, unix_timestamp(now()), unix_timestamp(now()));
INSERT INTO `pb_trades` (`id`, `type_id`, `industry_id`, `country_id`, `area_id`, `member_id`, `company_id`, `cache_username`, `cache_companyname`, `cache_contacts`, `title`, `adwords`, `content`, `price`, `measuring_unit`, `monetary_unit`, `packing`, `quantity`, `display_order`, `display_expiration`, `spec`, `sn`, `picture`, `picture_remote`, `status`, `submit_time`, `expire_time`, `expire_days`, `if_commend`, `if_urgent`, `if_locked`, `require_point`, `require_membertype`, `require_freedate`, `ip_addr`, `clicked`, `tag_ids`, `formattribute_ids`, `highlight`, `created`, `modified`) VALUES(48, 4, 2, 1, 2, 1, 1, '', '', '', '麗妍堂排汗運動機 廠家批發', '', '此爲演示數據,不保證數據的真實性', 1.23, '0', '0', '', '', 0, 0, '', '', 'sample/offer/2/7.jpg', '', 1, 1303736168, 1303736168, 10, 1, '0', '0', 0, 0, 0, '', 5, '', NULL, 6, unix_timestamp(now()), unix_timestamp(now()));
INSERT INTO `pb_trades` (`id`, `type_id`, `industry_id`, `country_id`, `area_id`, `member_id`, `company_id`, `cache_username`, `cache_companyname`, `cache_contacts`, `title`, `adwords`, `content`, `price`, `measuring_unit`, `monetary_unit`, `packing`, `quantity`, `display_order`, `display_expiration`, `spec`, `sn`, `picture`, `picture_remote`, `status`, `submit_time`, `expire_time`, `expire_days`, `if_commend`, `if_urgent`, `if_locked`, `require_point`, `require_membertype`, `require_freedate`, `ip_addr`, `clicked`, `tag_ids`, `formattribute_ids`, `highlight`, `created`, `modified`) VALUES(49, 4, 2, 1, 2, 1, 1, '', '', '', '歐美系列速生揚樹苗批發', '', '此爲演示數據,不保證數據的真實性', 1.23, '0', '0', '', '', 0, 0, '', '', 'sample/offer/2/8.jpg', '', 1, 1303736168, 1303736168, 10, 1, '0', '0', 0, 0, 0, '', 4, '', NULL, 0, unix_timestamp(now()), unix_timestamp(now()));
INSERT INTO `pb_trades` (`id`, `type_id`, `industry_id`, `country_id`, `area_id`, `member_id`, `company_id`, `cache_username`, `cache_companyname`, `cache_contacts`, `title`, `adwords`, `content`, `price`, `measuring_unit`, `monetary_unit`, `packing`, `quantity`, `display_order`, `display_expiration`, `spec`, `sn`, `picture`, `picture_remote`, `status`, `submit_time`, `expire_time`, `expire_days`, `if_commend`, `if_urgent`, `if_locked`, `require_point`, `require_membertype`, `require_freedate`, `ip_addr`, `clicked`, `tag_ids`, `formattribute_ids`, `highlight`, `created`, `modified`) VALUES(50, 4, 3, 2, 1, 1, 1, '', '', '', '活動立柱鎖 廠家批發', '', '此爲演示數據,不保證數據的真實性', 1.23, '0', '0', '', '', 0, 0, '', '', 'sample/offer/2/9.jpg', '', 1, 1303736168, 1303736168, 10, 1, '0', '0', 0, 0, 0, '', 5, '', NULL, 51, unix_timestamp(now()), unix_timestamp(now()));
INSERT INTO `pb_trades` (`id`, `type_id`, `industry_id`, `country_id`, `area_id`, `member_id`, `company_id`, `cache_username`, `cache_companyname`, `cache_contacts`, `title`, `adwords`, `content`, `price`, `measuring_unit`, `monetary_unit`, `packing`, `quantity`, `display_order`, `display_expiration`, `spec`, `sn`, `picture`, `picture_remote`, `status`, `submit_time`, `expire_time`, `expire_days`, `if_commend`, `if_urgent`, `if_locked`, `require_point`, `require_membertype`, `require_freedate`, `ip_addr`, `clicked`, `tag_ids`, `formattribute_ids`, `highlight`, `created`, `modified`) VALUES(68, 4, 3, 2, 1, 1, 1, '', '', '', '充氣電瓶車 遊樂設備批發', '', '此爲演示數據,不保證數據的真實性', 1.23, '0', '0', '', '', 0, 0, '', '', 'sample/offer/2/10.jpg', '', 0, 1303736168, 1303736168, 10, 0, '0', '0', 0, 0, 0, '', 1, '', NULL, 0, unix_timestamp(now()), unix_timestamp(now()));
INSERT INTO `pb_trades` (`id`, `type_id`, `industry_id`, `country_id`, `area_id`, `member_id`, `company_id`, `cache_username`, `cache_companyname`, `cache_contacts`, `title`, `adwords`, `content`, `price`, `measuring_unit`, `monetary_unit`, `packing`, `quantity`, `display_order`, `display_expiration`, `spec`, `sn`, `picture`, `picture_remote`, `status`, `submit_time`, `expire_time`, `expire_days`, `if_commend`, `if_urgent`, `if_locked`, `require_point`, `require_membertype`, `require_freedate`, `ip_addr`, `clicked`, `tag_ids`, `formattribute_ids`, `highlight`, `created`, `modified`) VALUES(69, 4, 3, 2, 1, 1, 1, '', '', '', '最低價全新輪胎批發', '', '此爲演示數據,不保證數據的真實性', 1.23, '0', '0', '', '', 0, 0, '', '', 'sample/offer/2/11.jpg', '', 0, 1303736168, 1303736168, 10, 0, '0', '0', 0, 0, 0, '', 1, '', NULL, 0, unix_timestamp(now()), unix_timestamp(now()));

--
-- Table Datas `pb_tradetypes`
--

INSERT INTO `pb_tradetypes` (`id`, `parent_id`, `name`, `level`, `display_order`) VALUES(1, 0, '求購', 1, 0);
INSERT INTO `pb_tradetypes` (`id`, `parent_id`, `name`, `level`, `display_order`) VALUES(2, 0, '供應', 1, 0);
INSERT INTO `pb_tradetypes` (`id`, `parent_id`, `name`, `level`, `display_order`) VALUES(3, 0, '代理合作', 1, 0);
INSERT INTO `pb_tradetypes` (`id`, `parent_id`, `name`, `level`, `display_order`) VALUES(4, 3, '合作', 1, 0);
INSERT INTO `pb_tradetypes` (`id`, `parent_id`, `name`, `level`, `display_order`) VALUES(5, 0, '招商加盟', 1, 0);
INSERT INTO `pb_tradetypes` (`id`, `parent_id`, `name`, `level`, `display_order`) VALUES(6, 5, '加盟', 1, 0);
INSERT INTO `pb_tradetypes` (`id`, `parent_id`, `name`, `level`, `display_order`) VALUES(7, 0, '庫存批發', 1, 0);
INSERT INTO `pb_tradetypes` (`id`, `parent_id`, `name`, `level`, `display_order`) VALUES(8, 7, '庫存', 1, 0);
INSERT INTO `pb_tradetypes` (`id`, `parent_id`, `name`, `level`, `display_order`) VALUES(9, 1, '國內求購', 2, 0);
INSERT INTO `pb_tradetypes` (`id`, `parent_id`, `name`, `level`, `display_order`) VALUES(10, 1, '國外求購', 2, 0);
INSERT INTO `pb_tradetypes` (`id`, `parent_id`, `name`, `level`, `display_order`) VALUES(11, 7, '批發', 2, 0);
INSERT INTO `pb_tradetypes` (`id`, `parent_id`, `name`, `level`, `display_order`) VALUES(12, 3, '代理', 2, 0);
INSERT INTO `pb_tradetypes` (`id`, `parent_id`, `name`, `level`, `display_order`) VALUES(13, 5, '招商', 2, 0);

--
-- Table Datas `pb_trusttypes`
--

INSERT INTO `pb_trusttypes` (`id`, `name`, `description`, `image`, `display_order`, `status`) VALUES(2, '企業資質認證', NULL, 'company.gif', 0, 1);
INSERT INTO `pb_trusttypes` (`id`, `name`, `description`, `image`, `display_order`, `status`) VALUES(1, '實名認證', NULL, 'truename.gif', 0, 1);

--
-- Table Datas `pb_typemodels`
--

INSERT INTO `pb_typemodels` (`id`, `title`, `type_name`) VALUES(1, '過期時間', 'offer_expire');
INSERT INTO `pb_typemodels` (`id`, `title`, `type_name`) VALUES(2, '公司類型', 'manage_type');
INSERT INTO `pb_typemodels` (`id`, `title`, `type_name`) VALUES(3, '主要市場', 'main_market');
INSERT INTO `pb_typemodels` (`id`, `title`, `type_name`) VALUES(4, '注冊資金', 'reg_fund');
INSERT INTO `pb_typemodels` (`id`, `title`, `type_name`) VALUES(5, '年營業額', 'year_annual');
INSERT INTO `pb_typemodels` (`id`, `title`, `type_name`) VALUES(6, '經濟類型', 'economic_type');
INSERT INTO `pb_typemodels` (`id`, `title`, `type_name`) VALUES(7, '審核狀態', 'check_status');
INSERT INTO `pb_typemodels` (`id`, `title`, `type_name`) VALUES(8, '員工人數', 'employee_amount');
INSERT INTO `pb_typemodels` (`id`, `title`, `type_name`) VALUES(9, '狀態', 'common_status');
INSERT INTO `pb_typemodels` (`id`, `title`, `type_name`) VALUES(10, '建議類型', 'service_type');
INSERT INTO `pb_typemodels` (`id`, `title`, `type_name`) VALUES(11, '教育經曆', 'education');
INSERT INTO `pb_typemodels` (`id`, `title`, `type_name`) VALUES(12, '薪資水平', 'salary');
INSERT INTO `pb_typemodels` (`id`, `title`, `type_name`) VALUES(13, '工作性質', 'work_type');
INSERT INTO `pb_typemodels` (`id`, `title`, `type_name`) VALUES(14, '職位名稱', 'position');
INSERT INTO `pb_typemodels` (`id`, `title`, `type_name`) VALUES(15, '性別', 'gender');
INSERT INTO `pb_typemodels` (`id`, `title`, `type_name`) VALUES(16, '電話類別', 'phone_type');
INSERT INTO `pb_typemodels` (`id`, `title`, `type_name`) VALUES(17, '即時通訊類別', 'im_type');
INSERT INTO `pb_typemodels` (`id`, `title`, `type_name`) VALUES(18, '選項', 'common_option');
INSERT INTO `pb_typemodels` (`id`, `title`, `type_name`) VALUES(19, '尊稱', 'calls');
INSERT INTO `pb_typemodels` (`id`, `title`, `type_name`) VALUES(20, '計量單位', 'measuring');
INSERT INTO `pb_typemodels` (`id`, `title`, `type_name`) VALUES(21, '貨幣單位', 'monetary');
INSERT INTO `pb_typemodels` (`id`, `title`, `type_name`) VALUES(22, '報價類型', 'price_type');
INSERT INTO `pb_typemodels` (`id`, `title`, `type_name`) VALUES(23, '價格趨勢', 'price_trends');

--
-- Table Datas `pb_typeoptions`
--

INSERT INTO `pb_typeoptions` (`id`, `typemodel_id`, `option_value`, `option_label`) VALUES(1, 1, '10', '10天');
INSERT INTO `pb_typeoptions` (`id`, `typemodel_id`, `option_value`, `option_label`) VALUES(2, 1, '30', '一個月');
INSERT INTO `pb_typeoptions` (`id`, `typemodel_id`, `option_value`, `option_label`) VALUES(3, 1, '90', '三個月');
INSERT INTO `pb_typeoptions` (`id`, `typemodel_id`, `option_value`, `option_label`) VALUES(4, 1, '180', '六個月');
INSERT INTO `pb_typeoptions` (`id`, `typemodel_id`, `option_value`, `option_label`) VALUES(5, 2, '1', '生産型');
INSERT INTO `pb_typeoptions` (`id`, `typemodel_id`, `option_value`, `option_label`) VALUES(6, 2, '2', '貿易型');
INSERT INTO `pb_typeoptions` (`id`, `typemodel_id`, `option_value`, `option_label`) VALUES(7, 2, '3', '服務型');
INSERT INTO `pb_typeoptions` (`id`, `typemodel_id`, `option_value`, `option_label`) VALUES(8, 2, '4', '政府或其他機構');
INSERT INTO `pb_typeoptions` (`id`, `typemodel_id`, `option_value`, `option_label`) VALUES(9, 3, '1', '大陸');
INSERT INTO `pb_typeoptions` (`id`, `typemodel_id`, `option_value`, `option_label`) VALUES(10, 3, '2', '港澳台');
INSERT INTO `pb_typeoptions` (`id`, `typemodel_id`, `option_value`, `option_label`) VALUES(11, 3, '3', '北美');
INSERT INTO `pb_typeoptions` (`id`, `typemodel_id`, `option_value`, `option_label`) VALUES(12, 3, '4', '南美');
INSERT INTO `pb_typeoptions` (`id`, `typemodel_id`, `option_value`, `option_label`) VALUES(13, 3, '5', '歐洲');
INSERT INTO `pb_typeoptions` (`id`, `typemodel_id`, `option_value`, `option_label`) VALUES(14, 3, '6', '亞洲');
INSERT INTO `pb_typeoptions` (`id`, `typemodel_id`, `option_value`, `option_label`) VALUES(15, 3, '7', '非洲');
INSERT INTO `pb_typeoptions` (`id`, `typemodel_id`, `option_value`, `option_label`) VALUES(16, 3, '8', '大洋洲');
INSERT INTO `pb_typeoptions` (`id`, `typemodel_id`, `option_value`, `option_label`) VALUES(17, 3, '9', '其他市場');
INSERT INTO `pb_typeoptions` (`id`, `typemodel_id`, `option_value`, `option_label`) VALUES(18, 4, '0', '不公開');
INSERT INTO `pb_typeoptions` (`id`, `typemodel_id`, `option_value`, `option_label`) VALUES(19, 4, '1', '人民幣10萬元以下');
INSERT INTO `pb_typeoptions` (`id`, `typemodel_id`, `option_value`, `option_label`) VALUES(20, 4, '2', '人民幣10-30萬');
INSERT INTO `pb_typeoptions` (`id`, `typemodel_id`, `option_value`, `option_label`) VALUES(21, 4, '3', '人民幣30-50萬');
INSERT INTO `pb_typeoptions` (`id`, `typemodel_id`, `option_value`, `option_label`) VALUES(22, 4, '4', '人民幣50-100萬');
INSERT INTO `pb_typeoptions` (`id`, `typemodel_id`, `option_value`, `option_label`) VALUES(23, 4, '5', '人民幣100-300萬');
INSERT INTO `pb_typeoptions` (`id`, `typemodel_id`, `option_value`, `option_label`) VALUES(24, 4, '6', '人民幣300-500萬');
INSERT INTO `pb_typeoptions` (`id`, `typemodel_id`, `option_value`, `option_label`) VALUES(25, 4, '7', '人民幣500-1000萬');
INSERT INTO `pb_typeoptions` (`id`, `typemodel_id`, `option_value`, `option_label`) VALUES(26, 4, '8', '人民幣1000-5000萬');
INSERT INTO `pb_typeoptions` (`id`, `typemodel_id`, `option_value`, `option_label`) VALUES(27, 4, '9', '人民幣5000萬以上');
INSERT INTO `pb_typeoptions` (`id`, `typemodel_id`, `option_value`, `option_label`) VALUES(28, 4, '10', '其他');
INSERT INTO `pb_typeoptions` (`id`, `typemodel_id`, `option_value`, `option_label`) VALUES(29, 5, '1', '人民幣10萬以下/年');
INSERT INTO `pb_typeoptions` (`id`, `typemodel_id`, `option_value`, `option_label`) VALUES(30, 5, '2', '人民幣10-30萬/年');
INSERT INTO `pb_typeoptions` (`id`, `typemodel_id`, `option_value`, `option_label`) VALUES(31, 5, '3', '人民幣30-50萬/年');
INSERT INTO `pb_typeoptions` (`id`, `typemodel_id`, `option_value`, `option_label`) VALUES(32, 5, '4', '人民幣50-100萬/年');
INSERT INTO `pb_typeoptions` (`id`, `typemodel_id`, `option_value`, `option_label`) VALUES(33, 5, '5', '人民幣100-300萬/年');
INSERT INTO `pb_typeoptions` (`id`, `typemodel_id`, `option_value`, `option_label`) VALUES(34, 5, '6', '人民幣300-500萬/年');
INSERT INTO `pb_typeoptions` (`id`, `typemodel_id`, `option_value`, `option_label`) VALUES(35, 5, '7', '人民幣500-1000萬/年');
INSERT INTO `pb_typeoptions` (`id`, `typemodel_id`, `option_value`, `option_label`) VALUES(36, 5, '8', '人民幣1000-5000萬/年');
INSERT INTO `pb_typeoptions` (`id`, `typemodel_id`, `option_value`, `option_label`) VALUES(37, 5, '9', '人民幣5000萬以上/年');
INSERT INTO `pb_typeoptions` (`id`, `typemodel_id`, `option_value`, `option_label`) VALUES(38, 5, '10', '其他');
INSERT INTO `pb_typeoptions` (`id`, `typemodel_id`, `option_value`, `option_label`) VALUES(39, 6, '1', '國有企業');
INSERT INTO `pb_typeoptions` (`id`, `typemodel_id`, `option_value`, `option_label`) VALUES(40, 6, '2', '集體企業');
INSERT INTO `pb_typeoptions` (`id`, `typemodel_id`, `option_value`, `option_label`) VALUES(41, 6, '3', '股份合作企業');
INSERT INTO `pb_typeoptions` (`id`, `typemodel_id`, `option_value`, `option_label`) VALUES(42, 6, '4', '聯營企業');
INSERT INTO `pb_typeoptions` (`id`, `typemodel_id`, `option_value`, `option_label`) VALUES(43, 6, '5', '有限責任公司');
INSERT INTO `pb_typeoptions` (`id`, `typemodel_id`, `option_value`, `option_label`) VALUES(44, 6, '6', '股份有限公司');
INSERT INTO `pb_typeoptions` (`id`, `typemodel_id`, `option_value`, `option_label`) VALUES(45, 6, '7', '私營企業');
INSERT INTO `pb_typeoptions` (`id`, `typemodel_id`, `option_value`, `option_label`) VALUES(46, 6, '8', '個人獨資企業');
INSERT INTO `pb_typeoptions` (`id`, `typemodel_id`, `option_value`, `option_label`) VALUES(47, 6, '9', '非盈利組織');
INSERT INTO `pb_typeoptions` (`id`, `typemodel_id`, `option_value`, `option_label`) VALUES(48, 6, '10', '其他');
INSERT INTO `pb_typeoptions` (`id`, `typemodel_id`, `option_value`, `option_label`) VALUES(49, 7, '0', '無效');
INSERT INTO `pb_typeoptions` (`id`, `typemodel_id`, `option_value`, `option_label`) VALUES(50, 7, '1', '有效');
INSERT INTO `pb_typeoptions` (`id`, `typemodel_id`, `option_value`, `option_label`) VALUES(51, 7, '2', '等待審核');
INSERT INTO `pb_typeoptions` (`id`, `typemodel_id`, `option_value`, `option_label`) VALUES(52, 7, '3', '審核不通過');
INSERT INTO `pb_typeoptions` (`id`, `typemodel_id`, `option_value`, `option_label`) VALUES(53, 8, '1', '5人以下');
INSERT INTO `pb_typeoptions` (`id`, `typemodel_id`, `option_value`, `option_label`) VALUES(54, 8, '2', '5-10人');
INSERT INTO `pb_typeoptions` (`id`, `typemodel_id`, `option_value`, `option_label`) VALUES(55, 8, '3', '11-50人');
INSERT INTO `pb_typeoptions` (`id`, `typemodel_id`, `option_value`, `option_label`) VALUES(56, 8, '4', '51-100人');
INSERT INTO `pb_typeoptions` (`id`, `typemodel_id`, `option_value`, `option_label`) VALUES(57, 8, '5', '101-500人');
INSERT INTO `pb_typeoptions` (`id`, `typemodel_id`, `option_value`, `option_label`) VALUES(58, 8, '6', '501-1000人');
INSERT INTO `pb_typeoptions` (`id`, `typemodel_id`, `option_value`, `option_label`) VALUES(59, 8, '7', '1000人以上');
INSERT INTO `pb_typeoptions` (`id`, `typemodel_id`, `option_value`, `option_label`) VALUES(60, 10, '1', '咨詢');
INSERT INTO `pb_typeoptions` (`id`, `typemodel_id`, `option_value`, `option_label`) VALUES(61, 10, '2', '建議');
INSERT INTO `pb_typeoptions` (`id`, `typemodel_id`, `option_value`, `option_label`) VALUES(62, 10, '3', '投訴');
INSERT INTO `pb_typeoptions` (`id`, `typemodel_id`, `option_value`, `option_label`) VALUES(63, 11, '0', '其他');
INSERT INTO `pb_typeoptions` (`id`, `typemodel_id`, `option_value`, `option_label`) VALUES(64, 11, '-1', '不要求');
INSERT INTO `pb_typeoptions` (`id`, `typemodel_id`, `option_value`, `option_label`) VALUES(65, 11, '-2', '不限');
INSERT INTO `pb_typeoptions` (`id`, `typemodel_id`, `option_value`, `option_label`) VALUES(66, 11, '1', '博士');
INSERT INTO `pb_typeoptions` (`id`, `typemodel_id`, `option_value`, `option_label`) VALUES(67, 11, '2', '碩士');
INSERT INTO `pb_typeoptions` (`id`, `typemodel_id`, `option_value`, `option_label`) VALUES(68, 11, '3', '本科');
INSERT INTO `pb_typeoptions` (`id`, `typemodel_id`, `option_value`, `option_label`) VALUES(69, 11, '4', '大專');
INSERT INTO `pb_typeoptions` (`id`, `typemodel_id`, `option_value`, `option_label`) VALUES(70, 11, '5', '中專');
INSERT INTO `pb_typeoptions` (`id`, `typemodel_id`, `option_value`, `option_label`) VALUES(71, 11, '6', '技校');
INSERT INTO `pb_typeoptions` (`id`, `typemodel_id`, `option_value`, `option_label`) VALUES(72, 11, '7', '高中');
INSERT INTO `pb_typeoptions` (`id`, `typemodel_id`, `option_value`, `option_label`) VALUES(73, 11, '8', '初中');
INSERT INTO `pb_typeoptions` (`id`, `typemodel_id`, `option_value`, `option_label`) VALUES(74, 11, '9', '小學');
INSERT INTO `pb_typeoptions` (`id`, `typemodel_id`, `option_value`, `option_label`) VALUES(75, 12, '0', '不選擇');
INSERT INTO `pb_typeoptions` (`id`, `typemodel_id`, `option_value`, `option_label`) VALUES(76, 12, '-1', '面議');
INSERT INTO `pb_typeoptions` (`id`, `typemodel_id`, `option_value`, `option_label`) VALUES(77, 12, '1', '1500以下');
INSERT INTO `pb_typeoptions` (`id`, `typemodel_id`, `option_value`, `option_label`) VALUES(78, 12, '2', '1500-1999元/月');
INSERT INTO `pb_typeoptions` (`id`, `typemodel_id`, `option_value`, `option_label`) VALUES(79, 12, '3', '2000-2999元/月');
INSERT INTO `pb_typeoptions` (`id`, `typemodel_id`, `option_value`, `option_label`) VALUES(80, 12, '4', '3000-4999元/月');
INSERT INTO `pb_typeoptions` (`id`, `typemodel_id`, `option_value`, `option_label`) VALUES(81, 12, '5', '5000以上');
INSERT INTO `pb_typeoptions` (`id`, `typemodel_id`, `option_value`, `option_label`) VALUES(82, 13, '0', '不選擇');
INSERT INTO `pb_typeoptions` (`id`, `typemodel_id`, `option_value`, `option_label`) VALUES(83, 13, '1', '全職');
INSERT INTO `pb_typeoptions` (`id`, `typemodel_id`, `option_value`, `option_label`) VALUES(84, 13, '2', '兼職');
INSERT INTO `pb_typeoptions` (`id`, `typemodel_id`, `option_value`, `option_label`) VALUES(85, 13, '3', '臨時');
INSERT INTO `pb_typeoptions` (`id`, `typemodel_id`, `option_value`, `option_label`) VALUES(86, 13, '4', '實習');
INSERT INTO `pb_typeoptions` (`id`, `typemodel_id`, `option_value`, `option_label`) VALUES(87, 13, '5', '其他');
INSERT INTO `pb_typeoptions` (`id`, `typemodel_id`, `option_value`, `option_label`) VALUES(88, 14, '0', '不選擇');
INSERT INTO `pb_typeoptions` (`id`, `typemodel_id`, `option_value`, `option_label`) VALUES(89, 14, '1', '董事長、總裁及副職，企業主、企業合夥人，總經理/副總經理');
INSERT INTO `pb_typeoptions` (`id`, `typemodel_id`, `option_value`, `option_label`) VALUES(90, 14, '2', '行政部門經理/行政人員');
INSERT INTO `pb_typeoptions` (`id`, `typemodel_id`, `option_value`, `option_label`) VALUES(91, 14, '3', '技術部門經理/技術人員');
INSERT INTO `pb_typeoptions` (`id`, `typemodel_id`, `option_value`, `option_label`) VALUES(92, 14, '4', '生産部門經理/生産人員');
INSERT INTO `pb_typeoptions` (`id`, `typemodel_id`, `option_value`, `option_label`) VALUES(93, 14, '5', '市場部門經理/市場人員');
INSERT INTO `pb_typeoptions` (`id`, `typemodel_id`, `option_value`, `option_label`) VALUES(94, 14, '6', '采購部門經理/采購人員');
INSERT INTO `pb_typeoptions` (`id`, `typemodel_id`, `option_value`, `option_label`) VALUES(95, 14, '7', '銷售部門經理/銷售人員');
INSERT INTO `pb_typeoptions` (`id`, `typemodel_id`, `option_value`, `option_label`) VALUES(96, 14, '8', '其他');
INSERT INTO `pb_typeoptions` (`id`, `typemodel_id`, `option_value`, `option_label`) VALUES(97, 15, '0', '不選擇');
INSERT INTO `pb_typeoptions` (`id`, `typemodel_id`, `option_value`, `option_label`) VALUES(98, 15, '1', '男');
INSERT INTO `pb_typeoptions` (`id`, `typemodel_id`, `option_value`, `option_label`) VALUES(99, 15, '2', '女');
INSERT INTO `pb_typeoptions` (`id`, `typemodel_id`, `option_value`, `option_label`) VALUES(100, 15, '-1', '不限');
INSERT INTO `pb_typeoptions` (`id`, `typemodel_id`, `option_value`, `option_label`) VALUES(101, 16, '1', '移動電話');
INSERT INTO `pb_typeoptions` (`id`, `typemodel_id`, `option_value`, `option_label`) VALUES(102, 16, '2', '住宅電話');
INSERT INTO `pb_typeoptions` (`id`, `typemodel_id`, `option_value`, `option_label`) VALUES(103, 16, '3', '商務電話');
INSERT INTO `pb_typeoptions` (`id`, `typemodel_id`, `option_value`, `option_label`) VALUES(104, 16, '4', '其他');
INSERT INTO `pb_typeoptions` (`id`, `typemodel_id`, `option_value`, `option_label`) VALUES(105, 17, '1', 'QQ');
INSERT INTO `pb_typeoptions` (`id`, `typemodel_id`, `option_value`, `option_label`) VALUES(106, 17, '2', 'ICQ');
INSERT INTO `pb_typeoptions` (`id`, `typemodel_id`, `option_value`, `option_label`) VALUES(107, 17, '3', 'MSN Messenger');
INSERT INTO `pb_typeoptions` (`id`, `typemodel_id`, `option_value`, `option_label`) VALUES(108, 17, '4', 'Yahoo Messenger');
INSERT INTO `pb_typeoptions` (`id`, `typemodel_id`, `option_value`, `option_label`) VALUES(109, 17, '5', 'Skype');
INSERT INTO `pb_typeoptions` (`id`, `typemodel_id`, `option_value`, `option_label`) VALUES(110, 17, '6', '其他');
INSERT INTO `pb_typeoptions` (`id`, `typemodel_id`, `option_value`, `option_label`) VALUES(111, 17, '0', '不選擇');
INSERT INTO `pb_typeoptions` (`id`, `typemodel_id`, `option_value`, `option_label`) VALUES(112, 16, '0', '不選擇');
INSERT INTO `pb_typeoptions` (`id`, `typemodel_id`, `option_value`, `option_label`) VALUES(113, 6, '0', '不選擇');
INSERT INTO `pb_typeoptions` (`id`, `typemodel_id`, `option_value`, `option_label`) VALUES(114, 9, '0', '無效');
INSERT INTO `pb_typeoptions` (`id`, `typemodel_id`, `option_value`, `option_label`) VALUES(115, 9, '1', '有效');
INSERT INTO `pb_typeoptions` (`id`, `typemodel_id`, `option_value`, `option_label`) VALUES(116, 18, '0', '否');
INSERT INTO `pb_typeoptions` (`id`, `typemodel_id`, `option_value`, `option_label`) VALUES(117, 18, '1', '是');
INSERT INTO `pb_typeoptions` (`id`, `typemodel_id`, `option_value`, `option_label`) VALUES(118, 19, '1', '先生');
INSERT INTO `pb_typeoptions` (`id`, `typemodel_id`, `option_value`, `option_label`) VALUES(119, 19, '2', '女士');
INSERT INTO `pb_typeoptions` (`id`, `typemodel_id`, `option_value`, `option_label`) VALUES(120, 20, '1', '個');
INSERT INTO `pb_typeoptions` (`id`, `typemodel_id`, `option_value`, `option_label`) VALUES(121, 20, '2', '件');
INSERT INTO `pb_typeoptions` (`id`, `typemodel_id`, `option_value`, `option_label`) VALUES(122, 21, '1', '元');
INSERT INTO `pb_typeoptions` (`id`, `typemodel_id`, `option_value`, `option_label`) VALUES(123, 21, '3', '美元');
INSERT INTO `pb_typeoptions` (`id`, `typemodel_id`, `option_value`, `option_label`) VALUES(124, 22, '1', '買');
INSERT INTO `pb_typeoptions` (`id`, `typemodel_id`, `option_value`, `option_label`) VALUES(125, 22, '2', '賣');
INSERT INTO `pb_typeoptions` (`id`, `typemodel_id`, `option_value`, `option_label`) VALUES(126, 23, '1', '升');
INSERT INTO `pb_typeoptions` (`id`, `typemodel_id`, `option_value`, `option_label`) VALUES(127, 23, '2', '穩');
INSERT INTO `pb_typeoptions` (`id`, `typemodel_id`, `option_value`, `option_label`) VALUES(128, 23, '3', '降');
INSERT INTO `pb_typeoptions` (`id`, `typemodel_id`, `option_value`, `option_label`) VALUES(129, 23, '4', '不確定');
INSERT INTO `pb_typeoptions` (`id`, `typemodel_id`, `option_value`, `option_label`) VALUES(130, 21, '2', '萬元');

--
-- Table Datas `pb_userpages`
--

INSERT INTO `pb_userpages` (`id`, `templet_name`, `name`, `title`, `digest`, `content`, `url`, `display_order`, `created`, `modified`) VALUES(1, '', 'aboutus', '關于我們', '', '關于網站的說明', '', 0, unix_timestamp(now()), unix_timestamp(now()));
INSERT INTO `pb_userpages` (`id`, `templet_name`, `name`, `title`, `digest`, `content`, `url`, `display_order`, `created`, `modified`) VALUES(2, '', 'contactus', '聯系我們', '', '聯系方式', '', 0, unix_timestamp(now()), unix_timestamp(now()));
INSERT INTO `pb_userpages` (`id`, `templet_name`, `name`, `title`, `digest`, `content`, `url`, `display_order`, `created`, `modified`) VALUES(4, '', 'sitemap', '網站地圖', '', '網站站內地圖', '', 0, unix_timestamp(now()), unix_timestamp(now()));
INSERT INTO `pb_userpages` (`id`, `templet_name`, `name`, `title`, `digest`, `content`, `url`, `display_order`, `created`, `modified`) VALUES(5, '', 'agreement', '法律聲明', '', '法律聲明', '', 0, unix_timestamp(now()), 0);
INSERT INTO `pb_userpages` (`id`, `templet_name`, `name`, `title`, `digest`, `content`, `url`, `display_order`, `created`, `modified`) VALUES(6, '', 'friendlink', '友情鏈接', '', '申請友情鏈接', 'friendlink.php', 0, unix_timestamp(now()), 0);
INSERT INTO `pb_userpages` (`id`, `templet_name`, `name`, `title`, `digest`, `content`, `url`, `display_order`, `created`, `modified`) VALUES(7, '', 'help', '幫助中心', '', '幫助中心', 'help/', 0, unix_timestamp(now()), unix_timestamp(now()));
INSERT INTO `pb_userpages` (`id`, `templet_name`, `name`, `title`, `digest`, `content`, `url`, `display_order`, `created`, `modified`) VALUES(8, '', 'service', '意見投訴', '', '意見與建議、投訴', '', 0, unix_timestamp(now()), unix_timestamp(now()));
INSERT INTO `pb_userpages` (`id`, `templet_name`, `name`, `title`, `digest`, `content`, `url`, `display_order`, `created`, `modified`) VALUES(9, '', 'special', '分站專題', '', '行業或者地區分站', 'special/', 0, unix_timestamp(now()), unix_timestamp(now()));
INSERT INTO `pb_userpages` (`id`, `templet_name`, `name`, `title`, `digest`, `content`, `url`, `display_order`, `created`, `modified`) VALUES(10, '', 'wap', 'WAP', '手機版', '', 'wap/index.php', 0, unix_timestamp(now()), unix_timestamp(now()));